screen_name,cluster
AJEnglish,1
victori92735456,1
Independent,0
Gianni814,1
PaulCauston,1
CCamosy,1
jennfrey,1
David_Ritter,1
betterwchile,1
DynastyClaire,1
anya__alvarez,1
SenWhitehouse,1
SalsaPrice,1
45th_POTUS_,1
VotesMaine,1
EVTimOZ,1
tweettruth2me,1
NaomiOreskes,0
MarkBoslough,1
BlknWhtKat,1
chriskennett,1
Frajud12,1
NikaDragomira,1
OtagoGrad,1
Worried_Canuck,1
nkoranya,1
unseen1_unseen,1
BigBertieT,1
sunlorrie,1
riktheozfrog,0
WesterSou,1
NerylMcphee,1
GrumpyOldBogan,1
ginadstevens,1
SimonJaysek,1
MAVERIC22440705,1
KirkegaardEmil,1
ovchinnikov,1
petra_doodles,1
KEVINBARR420Sea,1
BossyLadySunday,1
ananyaUCLA,1
impishchimp,1
manny_ottawa,0
annedeblois,1
AyadeLeon,1
techreview,1
HBSNairobi,1
MightMaggie,1
unredd,1
richardabetts,1
Fatbob2013,1
KA_Nicholas,1
aidan,1
the_dugs_bawz,1
SundarrajanG,1
HarlowGooner,1
SasjaBeslik,0
Carbongate,0
SteveSGoddard,0
jayjuniorrr,1
diva_ex_machina,1
sophiawhat_,1
SamGrittner,1
alissacaliente,1
Barnacules,1
TreforJones2,1
edamami18,1
realamymholmes,1
spvaid,1
ziggystarsioux,1
steffenrusten,1
labor_trash,1
KoreyKruse,1
varadmehta,1
WashTimes,1
SafetyPinDaily,0
JesseNeon,1
kenajahhh_,1
Gioo_Espinosaa,1
MeGustaJoshua,1
lexi_townley33,1
BreitbartNews,1
peixotors,1
Onision,1
theresakost13,1
unkatherine,1
eigenrobot,1
dorotero,1
Mogaza,1
bIinkzens,1
davobob,1
Caswellr19,1
_JuniorEstrada,1
ScrgMcD,1
ATomalty,0
wymitstaken,1
momagainstvapin,1
Freeyourmindkid,1
PasadenaUnified,1
alyssaraetho,1
jason_stallman,1
DamoPelham,1
ICytikz,1
SDelanster,1
LeonHWolf,1
CarbonBrief,1
margearystarks,1
wiwolfyone,1
jmkaye10,1
the_lost_hawk,1
RamLover69,0
insideclimate,0
picturesofgirlz,1
Redbaiternz,1
CFR_org,1
Crissypoo492,1
LadyCrabz,1
tijana_zarkovic,1
AmirAdnani,1
DFlacido,1
WhatTheFFacts,1
AtomsksSanakan,0
shawtygetloosh,1
naeclue,1
oldfosil66,1
stcrwhiz,1
Dr_Camouflage_,1
surfbird03,1
JaggerMickOZ,0
alexsovayyy,1
brycenwitt,1
Iuvjkth,1
Z3ddyJnr,1
UN,1
CherylRofer,1
Jadeskm,1
SamHaley8,1
FintanOToolbox,1
MarcusSakey,1
marston122,1
jchackotaco,1
Free_Media_Hub,1
Techgnostik,1
globalcompact,1
Donalds_Fann,1
kthrubyjane,1
singuharrity,1
dunvirkin,1
maninthemoon3,1
Hakasays,1
masejohnswan,1
jzikah,1
ladydblell,1
LabourLand,1
SourCreamMcSalt,1
MLBinWA,1
ktmilne6,1
ToreFurevik,1
totnotjanet,1
fayerooney12,1
CaptainDick12,1
Becci_Coop,1
Jess_Addington,1
taylizzabeth,1
Soup691,1
BW400CN,1
BlueSk13s,1
KrisAtwood,1
L_HASSMAN1245,1
capeandcowell,1
Extek_01,1
endtimeslife,1
MichaelEWebber,1
greenpeaceusa,1
AAllenSport,1
JustinYounger,1
PeterJLyth,1
ecojustice_ca,1
canna_brain,1
RisingTideNA,1
TheThomasSowell,1
hredriders,1
MugsyDo,1
TheyWereStolen,1
voxdotcom,1
realJaredGilman,1
snaketxt,1
outsidemagazine,0
Saaar_rah,1
micron_hero,1
katietalbert63,1
ScottAdamsSays,1
DawnTJ90,0
quig_11,1
EnvDefenseFund,0
SLVRHAIR1,1
climatebrad,1
gblad,1
antiderivada,1
Lucretiel,0
psl_losangeles,1
NASAClimate,1
j0urneytomars,1
Mattcheww7,1
BackTheLEOs,1
TerryEtam,1
EndangeredOcean,1
gds44,1
and_drew272,1
egirlchuus,1
keegan_av,1
solvecal,1
TRHLofficial,1
danielnocap,1
knbtexts,1
Jackie_Avitia,1
Taeownsme1,1
StormSignalSA,1
kgaider,1
mirpaix,1
TheOGPony,1
MingsSZN,1
NiceGuy45055647,1
theCCCuk,1
scibus,1
twitchyspoonie,1
nypost,1
AndersenAngus,1
stargrazzer,1
DsLeftButtCheek,1
MeltzVegas,1
reddcoltrane,1
co_rapunzel4,1
Wera_Hobhouse,1
GeraldKutney,0
BeautyBind,1
MichaelaaLewiss,1
eelmorts,1
starfish725,1
COP23,1
arthos_online,1
PaulEDawson,0
xr_cambridge,1
NosbachMarc,1
PreetiKafle3,1
Greenpeaceafric,1
KneeCRee,1
BrazilSoccerHub,1
MagnomBeats,1
kalahar1,1
yatapikan,1
PbartunekPaul,1
Inachi,1
ericnuttall,1
yidwithlid,1
djrothkopf,1
JackKingston,1
inquirerdotnet,1
tejacat,1
brujobeats,1
_stay_informed,1
USWeatherExpert,1
shankman,1
MilesThestia,1
vexedmuddler,1
DRajesh_U4PH,0
SonamKapoorFCRu,1
BluePoles,1
WyattR43,1
Jarseamia,1
sstenzler,1
ForeignPolicy,0
tcomppp,1
Tmomo1,1
sporkboot,1
JennessaK_,1
bellsgib_,1
SarahBurns223,1
down2earthindia,1
rabbleca,1
lawlor_claudia,1
T_Bartman,1
TweetOfSpirit_,1
gaurangmorjaria,1
omid9,1
zruss,1
Doherty360,1
BRIGHTstrt,1
haseurls,1
RisesIsaac,1
Gans_Blackrock,1
BMedic2,1
MumbaiMirror,1
joshvincentttt,1
Lordbrexit,1
Comrade_Yui,1
Ninja_Solitaria,1
EPoe187,1
CERYS4EVEREVER,1
pump_the_brakes,1
CNNBusiness,1
SykesCharlie,1
SkyNewsAust,0
TrahantReports,1
photofentse,1
LeeLuvYoga,1
DBrown38872320,1
streetbear57,1
OvaisSarmad,1
hannahruthhowe,1
JWSpry,0
NiglsStuart_,1
ColmQ12,1
wwf_uk,1
hyckzs,1
DrSimEvans,1
Jessicae13Eaton,1
theboltreport,1
thegwpfcom,1
jakpost,1
SylviaD32911201,0
TIME,1
350Australia,0
waza,1
Shrubstreet,1
WURmarine,1
mid_day,1
edokonrad,1
Kinesis,1
Digger_forum,1
hnshuman,1
timrayner01,1
AJENews,1
ABBPowerGrids,1
ja_herron,1
drwaheeduddin,1
JohnBroGBP,1
YardleyShooting,1
Zobyismyname,1
b_brenzki,1
_Min_Dumpling_,1
PeterCranie,1
fragmansixty9,1
carothelinaa,1
_Oliver_Yates,1
eachus,1
SilERabbit,1
klimaaksjon112,1
incorrectikon,1
KCTaz,0
EddieLyons3,1
AlbhyCaber,1
anitamkay,1
OsmundsenTerje,1
savewaternaula1,1
TeslaForThe_Win,1
johnflipside,1
jimmysrealmom,1
SnowflakeTakes,1
BFISA,1
cjmunich,1
alto_kat,1
WNawfal,1
PeepingMoon,1
ohhdearvane,1
thelastforson,1
Wells135,1
sandboxvet1,1
k21smitty,1
godisbrendon,1
ki_sekiya,1
ayanaeliza,0
Wraithaz,1
irishamanoban,1
KissMyGritsGOP,1
chaturvedi_upma,1
Uddalok126,1
Lazza69676222,1
veronicaswicks,1
Neerajsaini567,1
MichaelEMann,0
parezcoydigo,1
inagumtree,1
carbs98989,1
Suchita99330826,1
KarenHudes,1
sahiltaluja2,1
NorthstarAlex,1
Divyain07083180,1
HannahK8W,1
deepchand77,1
KirkSeriousFace,1
ShreyaMehra20,1
dalton_schnabel,1
LalaTraceyLady,1
Bethyyy15,1
AdamSearleMLC,1
Vaishalikamboj3,1
Mike23614,1
Bensgonecoastal,1
KindaFunny9,1
MansMan31660180,1
whitwt,1
HaveWeAllGoneM1,1
DShaylei_,1
Billbaker734,1
magoncha3,1
NotCatie,1
Mithii6,1
evandlester,1
ZacharyRogerO,1
blarsxnn,1
Travele83003472,1
Kensey007,1
n_rosellini,1
BawdenSnoek,1
drozdal,1
docrocktex26,1
TrueBluePSU7,1
LesBreeding1,1
johnsona7422,1
ThiagoMaia2503,1
brinnlie25,1
Law_Of_Fives,1
fatima_vdz_,1
Brennanator,1
finnnothy,1
incorrectwonwoo,1
allentien,1
qith8n,1
17sunnie,1
WeatherProf,0
TheRebelTV,1
MccarronTed,1
DGaroui,1
japantimes,1
Chilldick19,1
JaneDosen,1
tyracraig04,1
DjScottro,1
samj1727,1
William_Norris3,1
MahatmaaGanji,1
PalmBae,1
tan123,0
brobsonmontey,1
Sham1016_,1
EcoInternetDrGB,1
idwfallaway,1
phbarratt,1
Marcusgibson,1
sarcher59425351,1
egiesee12,1
amongstwits,1
GlobalFishWatch,1
queenofclubbbs,1
rgmerk,1
Tolulayoo,1
Stereotriibe,1
Jason__Loo,1
FredMer39027021,1
NYCMayor,1
whichoneisglee,1
tedraiter,1
douglas_rao,1
KyleDHester,1
ChiefKeefIntern,1
venezuelancon,1
Zeri_26,1
OlumideIDOWU,1
LaughlinPadge,1
Jelest_94,1
futurism,1
YaleClimateComm,1
_moonbunnie,1
TheFormary,1
GreeneMC,1
nytfood,1
tylermilnes28,1
Algorithm_Guy,1
th3Derek,1
paytonic14,1
ProjectDrawdown,1
churchofandrew,1
deliaadamm,1
StopSpewingBS,1
CardiganCorg,1
rf_mehlinger,1
Bill_Maxwell_,1
wweincorrect,1
KaitMcGrathNBC,1
ianpauldukes,1
voteemma2032,1
_patlabor,1
fatclyde,1
dietpurple,1
DestinyDreadful,1
ccdeditor,1
jerry_jtaylor,1
guidemark,1
TransportDems,1
Kenneth72712993,1
TWTThisIsNow,1
BeesPollinators,1
ElderLansing,1
RCMSSachs,1
vonduffer,1
jesskawaiixxx,1
LadyLawyerDiary,1
CarraMackey,1
GreenAwakening,0
cool2_b,1
SkotCG,1
xxdr_zombiexx,1
TheAkmed,1
priscian,1
ClimateHist,1
rsimmon,1
kjell_yvik,1
MattDoyle76,1
Public_Citizen,1
RickKendall58,1
standearth,1
ara_aguilar13,1
HondoShootist,1
buturbrows,1
foodandwater,1
UUSC,1
LochChesney,1
trillmoregirls,1
BeatrizGentil,1
groth1945,1
FriendEden100,1
DangerouslyMJJ,1
ok_squid,1
ClimateReality,0
RicardoAlonzo__,1
deepseadawn,1
paige_geanangel,1
leonardolaterza,1
FailShark,1
asakookai,1
ClimateComms,1
zclsstr,1
Patrickrazzi,1
Princeton,1
homemadeguitars,1
HDigre,1
badgallldidi,1
grace_terry_,1
PreacherBo,1
johnlundin,1
ageofzamo,1
AltUS_ARC,1
beard1000,1
tsrandall,1
JohnIbbitson,1
Papibigbean,1
kayeman,1
CatFinnie,1
walz_jon,1
VeganJusticeLea,1
emspeak,1
angharadPJ,1
GTAman51,1
tellesarminda,1
KHayhoe,1
Crytivo,1
JoeMyGod,1
TaminoClimate,1
rhettchanning,1
RightWingWatch,1
DougieGordie,1
RichardGowan1,1
JuttaBrunnee,1
Cheval_Global,1
NikolovScience,1
Obeng_A_,1
CharlieTomson,1
BruceBartlett,1
wsvn,1
grangerslight,1
DanaBehar2,1
The_AEF,1
caerbannog666,1
BobeMannBball,1
djkilllist,1
JoePCunningham,1
AlexJayBrady,1
MPaintbox,1
BlueMoonisCraft,1
MikeH_MapleGrov,1
stephencrose,1
nooraalhashimi,1
DavidMastio,1
sassysvg,1
maeverourke,1
earthinstitute,1
BormansGert,1
gold_badge,1
JunkScience,0
Sleigh_Davis,1
evolvable,1
dougduncan1205,1
Rachel66979060,1
media_climate,1
Feeding9Billion,1
Talkmaster,1
EU_ScienceHub,1
JamesHumen,1
billperryman,1
a6e9ba9fe6e0266,1
jeromegravesbm1,1
caraealexis,1
mailandguardian,1
BrotheronEcon,1
hartfordwolf,1
shahin07_,1
irbennn,1
chayabos,1
ecJulie,1
theHouse_mag,1
Electroversenet,1
Richard56,1
ClancyReports,1
realmarvino,1
Vanguff4,1
MarcherLord1,1
saviourishere4u,1
SteveParker1971,1
Glovergreen,1
GhostChandlers,1
MartinDoyleIT,1
Ninawth,1
ybnl_princess,1
Jerseyshore06,1
MoonWolf95,1
bootstrapES,1
mules_m,1
ttasnimh,1
pinkbisexual,1
gresavvi,1
rogerwilkinson3,1
pennypopken,1
ClimateRealists,1
LachlannOF,1
pplonia,1
oranglaut,1
JokeBreh,1
Planetary_Sec,1
mariannethyssen,1
baumfran,1
vanessadantes1,1
mainmaq,1
FLongshank,1
NickCowern,0
MikeLaChance33,1
StephenTwigg,1
NST_Online,1
joeylynnrodgers,1
AttilaAros,1
ElanElizabeth,1
weatherindia,1
dwallacewells,0
staconzy16,1
JoshuaUbeku,1
RedChilliesEnt,1
AlbertStienstra,1
beauxssy,1
144000bound,1
albertmorac,1
odysseuslahori,1
juliebrizzolara,1
ret_ward,1
takvera,1
DanielT340,1
YNB,1
Raf_Epstein,1
ElaineEDO,1
January__5th,1
AndrewDixonSo,1
gangrey,1
lolYisus,1
abby7fulton,1
faituv,1
tncbgbg,1
DarthDentist,1
joe_iacolucci,1
gaywithyourdad,1
muz4now,1
drethelin,1
CanadaInDecline,1
OrdyPackard,1
gcpjjk,1
CelloLife,1
shiv_ghosh_,1
Grizzly_Stevens,1
ravenladie,1
NWPinPDX,1
Coach_Sarachman,1
helaineolen,1
abby__cain221,1
AlexKOliver,1
VamosYankees,1
DetermanMadalyn,1
Canadajackass14,1
PatrickDavis00,1
BrittanySlaght,1
munchcrunchh,1
skp2203,1
woahanass,1
3GHtweets,1
walterowensgrpa,1
titus7007,1
OtherPplMoney,1
StewartGatz,1
ErikSolheim,1
wtmpacific,1
Trav_smith14,1
djpalardy,1
BCAppelbaum,1
writelike_mike,1
HarveyMyatt,1
lolcuuute,1
ManxRepublic,1
AnaMardoll,1
gufict,1
crvzfreddy,1
nazbarlis,1
CLEInfoMinister,1
BeckksSG,1
h8r4u,1
DonaldDuckforP1,1
RobbieGramer,1
__ElijahM,1
ReinceNiebuhr,1
rsqk9s,1
TheOnion,1
MarjaLubeck,1
AdHomin22800012,1
BarbaraMcK42,1
timmy_turnar,1
graddy,1
JimFish56837379,1
tim4hire,1
mitskilyricsbot,1
RichardDiNatale,1
ianmastersmedia,1
ProudCdnthe10th,1
GlblCtzn,1
heydingis,1
anthgarrett,1
grace_hartwig,1
KiriAllan,1
chicksonright,1
ikendricknewfie,1
sssomebodyyy,1
jamespeshaw,1
SolveMIT,1
rosyhuening,1
saw_saw5,1
ABillionSuns,1
ariesaurum,1
JohnKeily1,1
MadamCurious,1
ChasadiR,1
can_climate_guy,1
whereshismother,1
Megan_Hashimoto,1
Barbarajdurkin,1
TwitchyTeam,1
americanzionism,1
infpwriter,1
Kelsey_Nelson7,1
taryn_alexander,1
artist180,1
Two_Penneth,1
JTFOz,1
JIMINSPROMlSE,1
_WildHeart34_,1
SadDiAngelo,1
beeftenderloins,1
MotherNatureNet,1
columlynch,1
tomselliott,1
PeopleValues,1
tartanpirate1,1
WayneSChurchill,1
bugsysbak,1
kuchigazmend,1
SISeneviratne,1
jimaisvus,1
GreenLibDems,1
mp3michael,1
OrganicLiveFood,1
luxidecker,1
TheBabylonBee,1
CatherineGinso1,1
MarketWatch,1
nia_chinn,1
A_Liberty_Rebel,1
notseriosu,1
TorontoStar,1
onein7bn,1
j__woo,1
Rightwing_Vet,1
BrandonHathaw12,1
afsofia_,1
TEDx,1
toniodied,1
JillianMmm,1
CrusadeAtheist,1
JakeDvorak1,1
frenchquokka,1
FranceArctique,1
jordylancaster,1
LETSTALKCRYPT0,1
WinterOakPress,0
TheRealJoeBuf,1
Thetiredbroker,1
tabitha_gunning,1
SnowWhite_Lines,1
SouthTxGent,1
chenpang_chang,1
arcangelcrowe,1
CallawayLong,1
GaryGarratt,1
c40cities,1
4A_Ci,1
MarkSimoneNY,1
LustyAngelPeach,1
EmilOnTheFloss,1
grist,0
Northbankboy,1
queen_maiyah,1
puffnblow_at_GP,1
Hephaestus7,1
Real_LJB,1
SealTeam_Q,1
chambiesdolz,1
chloehope10,1
illllliana,1
also_christian,1
DrSammyD,1
DarrenWarner2,1
XenaZeitgeist,1
ADevotedYogi,1
demikiyoko,1
thefemalef0rm,1
exiledsurfer,1
petrhicor,1
EricDSnider,1
It_IsMyKate,1
morgankirchhoff,1
PaulBruce_Ouch,0
jmrivera02,1
NFImedia,1
d1Vinman,1
MaikeWacker,1
ohsurvive,1
JohnMiehoff22,1
ianssmart,1
franmannarino,1
darreljorstad,1
aastronutt,1
mercycorps,1
ajplus,1
maya_sen,1
BaileySkinner1,1
junebuug_,1
GMMeyer,1
OntarioGreens,1
seosmh,1
ZachMoss6,1
JoshCStephenso,1
ArtedsLife,1
vt_beer,1
htniemiec,1
cllaaiirre1ye,1
Stanford,1
bobjones2244,1
Underdogsbiteup,1
JoshuaMarola,1
CNN,1
motelsonthemoon,1
analykrystin,1
tuns1999,1
GageSmith000,1
PopSci,1
valeriagmq,1
Emmy0w0,1
kitty___knight,1
Sustainable2050,1
JorgenFaxholm,1
TheStalwart,1
AHMalcolm,1
_normazing,1
BarclaysIB,1
inagaddahdavida,1
nytclimate,1
KyleSammin,1
BrechinYes2,1
yoctatrine,1
nature_oregon,1
RokStarrMom,1
mirreeehayat,1
RomboughSunni,1
HeartlandDiary,1
NolteNC,1
docterzzz,1
VeryHarmless,1
superswiftie,1
cph_milano,1
cris_suarezz15,1
JoshuaMaslog,1
Jar_O_Cats,1
t_ftop,1
NotJanXavier,1
lasrina,1
lamphieryeg,1
DavidMcLA,1
jsutherland1008,1
EarthHeroOrg,1
nytimesworld,1
GarySanchez12,1
jorjadixon,1
ilovemnmcrispyy,1
Professor_Oogie,1
r_graus,1
stuartpstevens,1
2HawkEye2020,1
TRUMPETB2,1
Janendunlop,1
wayotworld,1
OwlFiftyEight,1
AnniseParker,1
90smaxx,1
medievalhistory,1
JennaLohr,1
JayInslee,1
aj_ghimire,1
wandering_monk,1
KatharosScum,1
RyanTNC,1
marlawd,1
TRUMPUSAMAGAKAG,1
jessieschrader,1
Hmiller1011,1
Pao_ta_toe,1
steve_nshtx,1
JackMotleyLive,1
r__huffdaddy,1
ProfessorBroad,1
vivisenya,1
Snowbirdsix1000,1
CooperLorne,1
wymandatmercury,1
JaxAlemany,1
ConservativeXT,1
Tracy_Siv,1
NGIinsights,1
shxxbis,1
RacingXtinction,1
BNPParibas,1
MyFrogCroaked,1
tommybj1950,1
ihkruhm_,1
pyrocyn,1
joannastadnik3,1
WMO,1
haechansuns,1
samhusseini,1
HD283271,1
jg_environ,1
AndieHallihan,1
CarlTeichrib,1
thetimes,1
CarlitosAngel,1
tleehumphrey,1
skunkhunter13,1
M1CKS4NDY,1
IJasonAlexander,1
SusanRHolmberg,1
roach_works,1
Canadia56668243,1
mic_p_dre,1
uguradiguzzel,1
Kadriilham,1
KanoDarpenko,1
_richardblack,1
MUGGER1955,1
DebbieCharlton3,1
xGoalanke,1
Doc_0,1
shepher25038479,1
lnfinitydaya,1
davemwall,1
rogersmith1144,1
Jimmy_the_jay,1
CoxGiselle66,1
ZEROCO2_,1
sainteen,1
RebeccaReCap,1
DiFantastico,1
tjhend1,1
MaxBoot,1
LivHinton,1
Cricrifi,1
MrRemain,1
Emmalouisajones,1
Against_3G,1
ami_angelwings,1
alexaiono,1
ErikaPetersenMD,1
alienorotto,1
Simon_Cullen,1
AndrewKingClim,1
EnergyJvd,1
NeilThin,1
cnni,1
SupportOurLefty,1
TaodeHaas,1
NaneAam,1
mjflepage,1
Saeid19025008,1
KarinIsSharing,1
bonerman_inc,1
Arthur89367695,1
frankenquine,1
PaulAndersonNE6,1
BadBoy2662,1
conservbytes,1
ulrikacandolin,1
AnnieBrightstar,1
mikefarb1,1
baheresmat,1
CPAtob,1
prakashadvani,1
seyzartt,1
ThePrintScience,1
sammszzz,1
stromzerstoren,1
cheryl1492,1
datrevanator1,1
HELLOHONEBI,1
blackmacete,1
Czakal,1
theipaper,1
anaapugaa,1
a_laynna,1
JackPosobiec,1
ArteLeonida,1
rbmcph,1
ostrichson,1
unfrocked_vicar,1
1Progressivism,1
SF2014nl,1
rolandsmartin,1
HuffPost,1
justbrothing,1
LOVEPINKS04,1
milano_xr,1
TheMeatHook2k,1
Meg23777,1
democraticbear,1
Stripeh,1
VenusGx,1
MarkKoop1,1
the_iPHA,1
PenBerzerker,1
YearOfRat,1
MidleAgeGambino,1
jalynkinnan,1
robinmonotti,1
HuffPostPol,1
tagreryens,1
finger_guns_bi,1
LeonardRoxon,1
DearDez__,1
wayneradcliffe,1
LauraPaskus,1
Rachrenaud,1
jadaryanne,1
KateOrff,1
AustralisTerry,1
MattNT11,1
sensitive_hdrat,1
PatrickHealy21,1
hunterpaigee_,1
matthew_mclaugh,1
Lightni12092685,1
CanadaSpeaksOut,1
ExistentialEnso,1
dynamat,1
scottieK17,1
becauseimatrash,1
AviFlyGirl,1
ScienceNotDogma,0
OtherJaneAdams,1
MomJovi,1
Cole59818957,1
WinningWordsPro,1
LmaoGuru,1
jbendery,1
ItsAmeeraAli,1
TeddyPersians,1
momsagainstpda,1
Firemonkey991,1
climateguyw,1
geoffmprice,1
ErinStereo,1
youvegotmel___,1
richwal94842899,1
PlanetGreen,1
letsdot94709949,1
egies,1
ThomasBeyer,1
RTMcFadyen,1
Hal_RTFLC,1
dan_allegretto,1
pewenvironment,1
MarkZastrow,1
market_forces,1
Bolt_RSS,1
BenMFFowler,1
NoDirectAction,1
99freemind,1
catherine___c,1
errrands_,1
RachelLaLonde25,1
EfiGreat,1
MUERTE616,1
moaningmusic,1
bravesdude1976,1
Mr_Lincoln,1
nxmbjules,1
Crustytoo,1
thenation,1
CDLS_UCLA,1
ProfRayWills,1
msroberts0619,1
Rhiwoodbevan,1
joelissiah,1
wes_chu,1
reggcohn,1
thjr19,1
Leafsbh,1
nycjim,1
greenpowerCA,1
aidanknight,1
JayNair_MUFC,1
Baker1Jay,1
southernwayjim,1
Flashgordonv,1
AdeAdamson,1
bkerogers,1
alt_horizon,1
rhymeswtrump,1
cyanbeanie,1
GDixon1977,1
donttrythis,1
BryceIsNycee,1
luvnotlov,1
_tamagucci,1
amalieskram,1
miriamcosic,1
Greg_Drovers,1
WoolyThoughtz,1
TomTSEC,1
missskye,1
CarleyKeblish,1
HeyJebNiceGuac,1
Dpao10,1
fightitnow,1
Sojourners,1
LuigiSaying,1
PNASNews,1
TBrennetta,1
CoreyStorm,1
davidoshelton,1
badreactiongifs,1
morellaty,1
lnteGritty,1
WCC_IA,1
SamuelQPrescott,1
zoeehbu,1
NewsandGuts,1
VanessaAJohn,1
kevpluck,1
Mrs_Palmeiro,1
Freshoutoftissu,1
BeansFranco,1
deannaa36,1
jwgop,1
StefanMolyneux,1
NewTmrw,1
jmguks,1
obiwantricoli,1
nillalinaa,1
dnnation,1
PeterDGardner,1
SarahMoebs,1
northtownbellz,1
jon_forsyth,1
Fart_cry,1
claudiialykke2,1
Sage_Opinion,1
adapt2030,1
gabbyh1407,1
FrNickOFMConv,1
elisasboy72,1
FieldMuseum,1
pmagn,0
Piers_Corbyn,1
earthles77,1
dr_morrissey,1
ChangeTheLAUSD,1
s_oliverpatten,1
AWeaverWrites,1
skylark_cash,1
32_cwg,1
KeillerDon,1
banqtangirl,1
YEARSofLIVING,1
miasmo_,1
Tigergeorgie,1
MrYonce,1
alex_randall,1
CEGA_UC,1
Chavivohra,1
monojinjo,1
brooke_barney1,1
bigleaguepol,1
highcountrynews,1
hihimichael,1
Lak5h,1
BobDalberg,1
em_witt_17,1
_sadboyrai,1
ByIanJames,1
drewgrey,1
somiologist,1
KenCaldeira,1
dr2vehard,1
BryanNicholson1,1
ChelsieRomulo,1
IMFNews,1
oraymw,1
Goatstein,1
hipsterocracy,1
ByYourLogic,1
juandangas13,1
LastBornPodcast,1
Limits2Growth,1
bananafitz,1
CU_Indivisible,1
stapf,1
RepDarrenSoto,1
ShonnOborowsky,1
MalChilie,1
YazzieDree,1
Grrazza,1
eriantoinette,1
TearsOfTrudeau,1
karl_nittinger,1
NWF,1
autumeme,1
Columbia,1
rgladstone,1
jalapenojuana,1
scowlingmonkey,1
carolinedee_,1
TManey4,1
PoohBear71,1
csmonitor,1
Jimbo679,1
bill_macbeth,1
lancegregmason,1
capitalweather,1
WRIClimate,1
michelegeluso,1
iamdavidmiller,1
UNFCCC,1
BrunoTheBridge,1
pd48xizone,1
Arabeey_da_Boko,1
jojojojojoerizz,1
Midnightrider98,1
kingconor2001,1
terencecorcoran,1
ThisIsRobThomas,1
kircher_mike,1
urdadsbed,1
erasmusNYT,1
bopinion,1
Sozzinski,1
otaysaraaa,1
T_Bob_Corvus,1
noematik,1
charlesjaco1,1
sophiiieee__,1
SkyCloudzy,1
steph_mcgowan97,1
GottaLaff,1
HDSlogic,1
XR_Godalming,1
surrealkillers,1
clim8resistance,0
ideas42,1
BrighterGreenNY,1
RARohde,1
JimDabakis,1
lukehrees,1
OFHS_socpsych,1
momoriz786,1
Ahmed_Fizal,1
HighSeasAllianc,1
handoverheartt,1
PornoDan,1
rimshot5046,1
CDerkaz,1
SavBehrmannDC,1
deodelektrico,1
204aaron,1
blamefitz,1
JPvanYpersele,1
MarcoAnthonyJr,1
BearGrylls,1
GoldenTalon77,1
KathaIndia,1
newrepublic,0
Rene_Soderman,1
NeilSteinberg,1
aennfizanns,1
dtemkin,1
GUENGL,1
StudyatMEC,1
joimbow,1
ProfSchooner,1
Thongch34759935,0
purplesealion,1
connal99,1
motokorich,1
350,1
XrSouth,1
350SouthAsia,1
pcraindia,1
gabbymckenzi1,1
jacchyna,1
cholling13,1
koogiz,1
dgrwhippet,1
mauser98k2,1
binibiningroxan,1
mr_brown_tres,1
NickJ_Photo,1
concretemayor,1
LaurieThreeYear,1
peoplevsoil,1
pxwhittle,1
COCrowe,1
Jerry_MacEvilly,1
farmer_dj,1
jefemundo1,1
AftidT,1
BjornLomborg,1
PaulCon52258910,1
BearOzie,1
SmithsonianMag,1
PeterOB24979769,1
EtonAce,1
dontholdmetight,1
Credalytics,1
FernandoLeanme,1
AlviseArmellini,1
ScarlettDreams2,1
berniespofforth,1
tinyypussy,1
bjancaysabelle_,1
kidlit4climate,1
kthkthkthmill,1
NewHomesExpert1,1
thechance2b,1
james45609411,1
geowizzacist,1
Fansxpress,1
evandammm_,1
LesleyMillercyp,1
shags_12,1
goddersbloom,1
filmfare,1
unicefaustralia,1
skrillex_dad520,1
Komanovmulc,1
Afroscientist,1
corpseinorbit,1
okinawadartse,1
mustapipa,1
MattHanifan,1
Nizeitmyyute,1
keanusgf,1
FriendsOScience,0
erin_fortner,1
cashmoneyana,1
DavidBCollum,1
aambaar_,1
ThiessDmp,1
thehourslate,1
UvKLvr47,1
necrofamicom,1
newsbusters,1
hothotcocoa05,1
_lilybug99,1
Honesty4Libs,1
Petafeliciano,1
meg_wals,1
teddles1,1
dailyintel1,1
TracyRAnderson,1
Andrewemcameron,1
Captbobdad,1
BiionFN,1
no2typeb,1
shelleyshell4,1
PhilipGagne,1
hallerchase,1
profsked,1
REDHAIRAWSTEN,1
Julieoz836,1
TimothySnediker,1
myknittingwool,1
FrostbiteCaps,1
Kidsdoc1Rick,1
scottkirbytw,1
Gardeners4Pete,1
Quatr_us,1
KenfromTC,1
Burt_Carter,1
TIMENOUT,1
tommosk,1
alliecaldwell17,1
EthosLifestyle,1
BNDYEYO,1
ejnickson,1
826Maureen,1
mcgrath_a,1
AginKs,1
ritchietozier,1
CharlieBrownPro,1
kembro34,1
BaxterPeterba,1
ChristinesHaven,1
iTzMuscles,1
RepRoKhanna,1
moose7766,1
ProfPCDoherty,1
nzedxn,1
shanmustafa_yo,1
welfmkteam,1
incorrect_1997,1
rosiesoobin,1
alisonbflynn,1
iamkimberleeey,1
the_amish_txtr,1
hassan1a_,1
maryssaaaaaaaa,1
TheFlatEartherr,1
NelsonAlmUK,1
nancyharrizon,1
ClimatePoet,1
CarolyneKershaw,1
Fealty2facts,1
ally__catt_,1
corpseinthesky,1
sunkfarmer,1
Cheshire__red,1
chriskoch73,1
amyjademaxwell,1
PAVLO_penguino,1
DatHominem,1
Marky80032365,1
ughhjonny,1
elliekirkk,1
ceydeno,1
SteveW_Leave_EU,1
The_Gent49,1
Gertrud29409036,1
Dorkopotimus,1
nerdythor,1
crankymermaid,1
GirlsOwn,1
Liberalperspec1,1
Nlopez__,1
binagoito,1
paligap17,1
ellnlvll,1
ashoswai,1
frank_weening,1
maine_mainely,1
PsychdelicPics,1
EnvelopeSpooner,1
emilylime,1
sltrib,1
meganromer,1
cattleandcorn,1
MenITrustt,1
dominicmarcus_,1
HenryMakow,1
melgarian,1
victoria_rayyy,1
llaurenjohnston,1
Jegjrjoepa,1
lavrys,1
mayihavecoochie,1
rubiii_aaa,1
KatieKronewitte,1
WildAid,1
lpopsicle,1
irishstewart,1
kay_emmee,1
Scripps_Ocean,1
Dcoronata,1
lbergkamp,1
OptaJoke,1
abbyjords,1
YousefWg,1
TerliWetter,1
compatimale,1
mockennna,1
quantick,1
john_m_kelly,1
jacobjerickson,1
EcgoLC,1
maddyj15,1
AGU_Eos,1
PricelessPontus,1
CharlesBurns11,1
caracaskid,1
IvanPentchoukov,1
jdbau,1
MikeLodato1,1
planetshua,1
espreseo,1
weloveeconomics,1
ShayeGanam,1
EcoSenseNow,1
danjonesccg,1
PrplMnkyCupcake,1
a_imran_m,1
originofspace,1
rahmstorf,1
markrstoll,1
itsdivyag,1
theresphysics,1
anna_938,1
p_singh99,1
bigbangadicted,1
easterncomd,1
JosephDise,1
tmiles57474741,1
TurleyFinn,1
JesseLBK,1
Simplyred4x4,1
ADB_HQ,1
Phil_Nourse,1
NicholasRSwart,1
StillDelvingH,1
ivywintxrs,1
ZinnEdProject,1
sheka0161,1
mirandastarke1,1
SoulGoddess1111,1
Manleyrn99,1
KenWestEsq,1
gremisch,1
aureanxzxire,1
GreenCampaignAf,1
iowa_trump,1
MadScientist212,1
Tulane,1
Konducta4LFE,1
lil_wage,1
neronelbombero,1
RealJeffTidwell,1
prageru,1
SteveDeaceShow,1
SusanFloresta,1
ailene_renee,1
GrahameLucas,1
20_20Visions,1
QuancyClayborne,1
_SanchoSZN,1
ChristianM3mes,1
D16584667,1
King_Kai96,1
EsRevorTeR,1
justbazzzz,1
Livvy4now,1
haaretzcom,1
DaveFernig,1
popcummer,1
semprescettica,1
ExtinctionR,1
mboudry,1
josewarsaw,1
MatthewBeardmo3,1
CitznsClimateOx,1
ScubaHobbs,1
andrewrawnsley,1
FergfaeAberdeen,1
mvisbeck,1
stephistacey,1
macjek,1
ben_hr,1
Deplorable_Jame,1
resp4wn,1
LeoYD850,1
heyselknat,1
ThomasPilchard,1
RoyalPerogative,1
SenatorDoug,1
DVATW,1
Piecezilla,1
Niquelouise_,1
Feb_WaltGrace,1
XRCardiff,1
NeilSpurrier,1
GK_arlen,1
ConversationUK,1
AkashvaniAIR,1
palpatinespussy,1
divulgacionfull,1
Angelique_1021,1
OddemocracyA,1
poppe_n_hutch,1
DougGately,1
loonaonethird,1
VollerBrad,1
belllajenkins,1
ejsnaves,1
unaipasku,1
abdullahmagsi_,1
Josiene23204626,1
hridayeshjoshi,1
Heidi_Nacht,1
roobadoo87,1
susheadass,1
JuliaDiamonds3,1
domyoonji,1
TundraTabloids,1
Johnathan_C15,1
sarahzamanaaa,1
lukeguansing,1
FlaviusEye,1
djolder,1
plantae_org,1
Wrak,1
gross_13,1
SatPaper,1
Kat_truthseeker,1
TilkaIV,1
brendaeveth,1
alcwik3,1
OnlyoneNationCa,1
GaryKaltbaum,1
KumulWarrior1,1
SheaSerrano,1
Weagle48,1
JonJester1,1
JeffElder,1
KonservativeKAT,1
guarini_marco,1
Labrie8,1
TeffJhomas,1
hey_jordn,1
qwiktrade,1
CraigCo62,1
mzjacobson,1
wolfboyq,1
lisapease,1
djculpepper22,1
JordanDavisPoet,1
jerry2314,1
ZaneZodrow,1
whadafvck,1
smooth_op,1
KimDotcom,1
ReachScale,1
peaceofamani,1
hamjenkinsIII,1
WeebDaCat,1
julp,1
sithobserver,1
raywilton4,1
sideen_dan,1
ttaylorfitness,1
NancyHline,1
learica13,1
JBiebxRose,1
BadlandsBoyse,1
Sheldon_Walker_,1
dairyfreedoIan,1
robbipl,1
farmergray,1
sidefootvolley,1
soleinaar,1
Steve5p56,1
denkimirai,1
QuinnKearney,1
Plynn329,1
SCOOPYEWEST,1
isabelaseraffim,1
spock246,1
milliemadden,1
dopedalvin,1
nymphsite,1
seouIjhs,1
giacomozucco,1
Real_Science007,1
LSampson630,1
reeraboo,1
magicfreak81,1
factsrfriends,1
lillmangomami,1
GillesnFio,0
bitemygIass,1
margotfenty,1
CoryBMorgan,1
TomHoltzPaleo,1
ChrisGr86712795,1
sarahmaria0414,1
ctrlcreep,1
MoooPapa,1
_michealaorr,1
caitlin_anne16,1
AllahUniversal,1
EcofiscalCanada,1
zagnett,1
JohnMooneyST,1
MahouShoujoBebe,1
MrDarcyNo1,1
maddiemoen_,1
madelinewcopel1,1
buckysploms,1
karolpara,1
MelissaJPeltier,1
emma_demski,1
Pixie_Poet,1
TechTomM,1
IanScott1982,1
normanokay,1
emythee,1
DJLOK,1
Aardbloke,1
Ozetty,1
RekeningKosong,1
sunrisephilly,1
NSA_QIL,1
RoninPoland,1
nickreeves9876,1
JosieKimbowa,1
Mackdaddy_h,1
Earthlife_JHB,1
mumonamission5,1
hamzah__hussain,1
tzuyuaena,1
CSHandWellness,1
cstclair1,1
stillbaint,1
AlainP31,1
townhallcom,1
alexjfairley,1
sfinkadinkle,1
ales_kot,1
asheeka1,1
isme_roudrizzle,1
maxxholden,1
LBC,1
TSimon11,1
PranavBhatia18,1
heaveninswift,1
RogTallbloke,1
Torund,1
freedomgirl2011,1
mooglybones,1
chetbtester,1
DanielCueto14,1
BannedSquid,1
puttdaprophet,1
jdgreen811,1
rainycorty,1
Energy4Humanity,1
ScottWx_TWN,1
samjknights,1
AndyMilesco,1
IngersolRobert,1
ScienceWithIve,1
itscooltobecool,1
DesignGreek,1
CairaNichole,1
alphadelta986,1
alexandrajade24,1
SeanBannion,1
DHLUS,1
denk_w,1
losintabs,1
kevinmoon_com,1
punditclass,1
priyology,1
BigJoeBastardi,1
DJSnM,1
GlblCtznUK,1
goodsiter,1
swbearr,1
VTulkki,1
business,1
Bardissimo,1
dw_environment,1
bbcweather,1
Jim_Cornelius,1
Zackwri23910699,1
ClassOf82_AVFC,1
theprojecttv,1
ILuvCO2,1
AustralianLabor,1
croydoncathy,1
theCALMzone,1
duncanshrubsole,1
CGIAR,1
rnclelland,1
JaneEMCallaghan,1
Cath_Read,1
IWA_Wales,1
AlbertoNardelli,1
saoirse_mchugh,1
timeshighered,1
nevpierce,1
FlickReynolds,1
JWhiteWildlife,1
japan,1
AnnabelMullin,1
rosebud_2,1
SocDemsLO,1
Prof_DFrench,1
MrDenmore,1
RockinRobyn48,1
Fridays4FutureP,1
alastairmci,1
sunnysingh_n6,1
WWFScotland,1
JapanGov,1
smakelainen,1
stukhan,1
Beany_1,1
nishantkumar07,1
SteveOrmerod,1
ExposeMediaBias,1
margokingston1,1
remainvoter,1
PochinRos,0
EmmettScanlan,1
ARYNEWSOFFICIAL,1
summerserino,1
TheEVside,1
the__chez,1
Cyclistie,1
SEIresearch,1
JenniferMClarke,1
KarenKenny9,1
FaithVictoryRW,1
HoolyMcg,1
HarmonHilary1,1
XRBristol,1
resophonick,1
medialens,0
JimFarnborough,1
cathymferguson,1
EURACTIV,1
camerontw,1
AustMarConsSoc,1
Mark_Butler_MP,1
LabGND,1
MirandaJonas5,1
tom_chance,1
climate_earth,0
WildlifeMag,1
Maudon52,1
jonkuhrt,1
HappyCityUK,1
UNDP,1
CAFODSchools,1
ryry_walton,1
aka_pierrecouvy,1
ProfMarkMaslin,1
2013Boodicca,1
ImIncorrigible,1
deniseshrivell,1
FredrikJutfelt,1
CalmastWIT,1
PhilRhodTaylor,1
TrulsGulowsen,1
skylarkwarrior,1
Slate,0
sipawe,1
andyb_poole,1
OccupyLondon,1
PerfumeFlogger,1
deCOALonize,1
NorwichXr,1
stevecoleOxford,1
ABCthedrum,1
AceMcWicked,1
ejwwest,1
Geates,1
DocsEnvAus,1
PYCousteau,1
DonnachadhMc,1
kimbakit,1
jamieh7,1
Bossy_Leah,1
Callan_is_angry,1
BBCNewsNI,1
Gabriel_Montoya,1
xeccar,1
IrriHub,1
jeslach,1
dlsgibson,1
benwhitworth,1
HeyBert4,1
MrsHumanities,1
marvisirmed,1
ijeffery,1
TheEconomist,1
evanoconnell,1
taylenno,1
J_C_Campbell,1
BBCScienceNews,1
stuartmcw,1
MiseAnja,1
carpetofleaves,1
DanielBleakley1,1
MikeSpikeSS,1
curt_champ,1
El86562179,1
RecyclingBC,1
threethousandt,1
JonathanSerpell,1
IsScurred,1
Miles_Brundage,1
DrKyburz,1
sanjeevhastir,1
Manupurself,1
ChrisStringer65,1
YouGov,1
PierceCampion,1
CsLh1311,1
rheaamariaa,1
NakedAxiom,1
MrEmilyHeller,1
MariPantsar,1
bhilaremanali,1
RACSurgeons,1
annanostrand,1
BBCNews,1
timpoliti,1
GCobber99,1
janet_rice,1
NatureNymph,1
wattsupwiththat,1
OxfaminZim,1
newhumanitarian,1
JohnDiesattheEn,1
Kov_ka,1
WVAnews,1
AaronDodd,1
_jellyve,1
ColeyTangerina,1
ElodieFeller1,1
glowInthed0rk,1
zalisteggall,1
dvidsilva,1
JessRiz,1
blake1swanson,1
BamMathias,1
everytimeisigh,1
travishelwig,1
novakglobal,1
benFranklin2018,1
BlckPorcelain,1
barkadababy,1
WinklerPartners,1
SBSNews,1
Eric_Doherty,1
alisonborealis,1
carmelmccallum,1
JackCampbell420,1
jhkim8413jhk,1
paulinapunlina,1
GawdSpareUs,1
en_germany,1
MunaNawabit1,1
miaaarnone,1
DiscoverMag,1
Rewire_News,1
NoFibs,1
carbonmastersuk,1
memorynguwi,1
HShooboobbee,1
georgefwoods,1
DonnaNoble10th,1
MsAvaArmstrong,1
dailytelegraph,1
RobynOBrienUSA,1
AshGhebranious,1
geelongaddy,1
loisbeckett,1
KurtSchlichter,1
Mae,1
GeoffsAgHortHub,1
morandajoireaux,1
pusman_DE,1
Manglewood,1
quandary,1
AngryGranny1,1
JEXST4,1
VFritzNews,1
TristanEdis,1
CleanAirMoms,1
ANUmedia,1
HELPFULTONY,1
baphometadata,1
essenviews,1
GuardOfForever,1
goodoldcatchy,1
jacobotreto,1
GlobalLF,1
vicpagecarter1,1
johnb78,1
Tank9999,1
TheThingAboutX,1
mtnman0038,1
MehreenFaruqi,1
Scrubb_,1
paulmanly,1
FAO,1
DarrenSweeney,0
TrinityMustache,1
and1formahler,1
travistravers,1
pcharlesjr,1
AllNewsAlliance,1
TomthunkitsMind,0
LeannaEsquivel,1
naomirwolf,1
tannnit,1
SierraClub,0
SusanofTexas,1
BritishPodcast,1
barefootmatthew,1
mrsombudsman,1
zthomp,1
Hanksingle,1
SpaceArtAl,1
charlvene,1
firo_twt,1
AdamGMayers,1
lilhommus,1
chiachuks,1
TraversMcLeod,1
AaronBrockett12,1
Mr_21stCentury,1
QueeringPsych,1
akutaqfanclub,1
nature_org,1
hausnaks,1
sofiuhhhhhhh,1
kategracee,1
BarbaraBoxer,1
GriffinStibor,1
benspidey,1
MPRnews,1
campaignforaid,1
MSHNBerkeley,1
cherryice,1
Kait_TheGreat23,1
MarilynMab2,1
SteveBruceCBC,1
emilyivoryy,1
kmac,1
Dawson100000,1
JosephVillarr14,1
nick__page,1
samred,1
HarvardChanSPH,1
DMRegister,1
curtin_rc,1
alexk710,1
purlgurly,1
b_deplorable,1
laffykaffyy,1
MONETARY_MAYHEM,1
SEI_Erickson,1
CoolDotCom,1
_m21z,1
ggrace003,1
stevewardpoli,1
BisforBerkshire,1
cathmckenna,0
CarnivoreKeto,1
PJMedia_com,1
GordonShumway66,1
CraigNolan928,1
ljgillin,1
BethanyinCBR,1
vichygirl,1
C_BuckNERD,1
Greenpeace,0
parsonshanged,1
JinsCroissant,1
srnawaz09,1
GreenpeaceNZ,1
cleantechnica,1
timinmitcham,1
HapkidoBigDad,1
opinion_pal,1
TomJ15582141,1
Gbgedhari1,1
irma4supervisor,1
NewYorker,1
RealLuisMireles,1
dsiroonian21,1
MrVop,1
skeletonbuddy,1
RebelGretel,1
DuaneDawson6,1
ciarandowney,1
DrMaryHoward,1
Peter90666913,1
stephendziedzic,1
arb,1
msrose2343,1
fortismind,1
LeeShangLun,1
EilyHite,1
mlamdin,1
RL_Miller,1
teragr_am,1
MPaulkovich,1
Cj_phelps,1
mrswendymturner,1
Notbuyingthisbs,1
DanWiley1,1
rbtstaaa,1
ActOnClimateVic,1
zumbdy,1
elaineroisin,1
1300KWL,1
LillianJClark,1
hughriminton,1
CanuckTraveler,1
AngelaBelcamino,1
wcjackson2,1
TobyWalsh,1
bukowskikerouac,1
nealejones,1
WWF_Australia,1
SassyEconomist,1
ericlo,1
EdKrassen,1
ACOSS,1
markassini,1
AOC,1
tristennew0608,1
sheldonaintcool,1
JoshEberley,1
WWFNewZealand,1
csferreira08,1
StenBender,1
CivilEats,1
SenSchumer,1
barbarikkizzle,1
GreenRobShep,1
WillAAmos,1
contracallie,1
DrAHButler,1
Penn,1
ChiefRaconteur,1
SoundsKugle,1
manjusrii,1
TristanCorkPost,1
KYPatrick721,1
woke8yearold,1
doodlemancy,1
charlie_swords,1
the_strix,1
KassieSiegel,0
reneestjean,1
RavenCretneyNZ,1
jiminalizm,1
BrooklynSpoke,1
jfinn1971,1
BestStephen,1
sallyrugg,1
whoisanhel,1
ubcforestry,1
Yumi_Kotani,1
FortuneMagazine,1
laurel_moo,1
DrGCrisp,1
jimmy_weasel,1
MadSciTeacher1,1
Lyraxian,1
BulletinAtomic,1
deyelli,1
maggieatlas,1
DoctorVive,1
DirkZ1,1
LNPvoterfail,1
teioh,1
SocialistVoice,1
annelisenews,1
DIONYSUSKIM,1
JordanUhl,1
Al_Paca_Jr,1
kaleaneiviller,1
iraflatow,1
GerryxSimons,1
IceSif,1
rightsagenda,1
JedMSP,1
bsfinkelstein,1
MarianSmedley,1
mrose1965,1
grandinboy,1
JulieOliverTX,1
naomi_kellogg,1
JooBilly,1
zoeyjsalsbury,1
staceyNYCDC,1
finn_phineas,1
angellopezzz,1
JoAnneSimonBK52,1
bushido_thot,1
pgal10,1
ReichHarry,1
sunrisemvmt,1
theblackeffect7,1
aaxlt1,1
itsgavinfrantz,1
wretchardthecat,1
RevChuckCurrie,1
rmcint16,1
hheistt,1
ItsBouquet,1
thetroublemag,1
JimEckmage,1
kanethornton,1
geoscal,1
_laurenwood4_,1
psychdr100,1
cayimby,1
erlesen,1
KANDlSHA,1
FullyChargedDan,1
kaffetank,1
HustlerMag,1
fabmar2018,1
doctorow,1
DiversityArtsAu,1
datsruuude,1
tomc1hotmailco1,1
lovestoned,1
daedaejr,1
brianmenounos,1
invisibleinkie,1
hughsansom,1
IrelandSaysNo,1
lukeobxx,1
realjuliegraham,1
Dean_Nimbly,1
sploach,1
tmcos_tony,1
ThatsMyDog8,1
firehorse2912,1
MaibachEd,1
PersuasionRisng,1
TeachSDGs,1
kcexec,1
topnigel,1
Madelinksi,1
yanbouz88,1
JeromeDoraisamy,1
AnnaCat_Brigida,1
spc_cps,1
alaskawild,1
labour,1
Jenn877,1
Willotron,1
MySea2Sky,1
Lucky__Jo,1
NorthamptonXR,1
MarketaDee,1
SenatorReid,1
NukeForClimate,1
PatDollard1,1
stevyrino,1
alIieprice,1
SarahClarkin,1
KingCountyWA,1
Chris_Saltmarsh,1
YaleStephens,1
IrishEnvNet,1
AndyBrown1_,1
WeirdHandLuke,1
emilyguyyy,1
marleybennett,1
rtenews,1
kvetchings,1
morganrose0971,1
IARC_Alaska,1
mnnurse10,1
Warlander,1
Niamh_OFlynn,1
jamiehanley,1
HantsIWWildlife,1
IlhanMN,1
XQAmerica,1
ezraklein,1
RobertJNowicki,1
glasgow_kat,1
JCGeography,1
NYGovCuomo,1
Heronymus,1
tori_o_b,1
EuropeanBriton,1
AspenInstitute,1
timjonesbooks,1
samim,1
KevinHague,1
Librepenseur,1
bennosaurus,1
nicholastmusic,1
Cesttttt,1
mashable,1
AllenFrancesMD,1
basicflowrrr,1
XR_Ruhrgebiet,1
willrnav,1
BjornKHaugland,1
ChangeHub_Janet,1
drjulieb1,1
eminwang,1
EDONSW,1
jgjcarey,1
SenTinaSmith,1
IBJIYONGI,1
BBCWorld,1
AndrewLRJackson,1
maevery14,1
BBCJayneMcC,1
CristobalJAlex,1
schipper_lisa,1
JanelleWatts,1
far_ah_way,1
SimonBanksHB,1
OdiseiaFerina,1
morganmccarthy4,1
RepJayapal,1
ChngeOfficiaI,1
BMarchetich,1
longestsigh,1
350nz,1
QTweather,1
tveitdal,1
relaxjoshmusic,1
DrElizabethRose,1
blobelwarming,1
DearChenette,1
diarmuidtorney,1
ColaptesAuratus,1
ocio2040,1
DathEmerson,1
Demos_Org,1
AaronBastani,1
the_sioux_chef,1
BFriedmanDC,1
ClimateChangeUS,1
IcahnMountSinai,1
MadisonDaisyyyy,1
Jesse_Hirsch,1
UNEP_FI,1
LilRedRooster,1
melissakp,1
TheUSI,1
meineLetters,1
ABCWorldNews,1
AnTaobhRua,1
foe_us,0
Iran,1
flooduk,1
KTredz,1
nasma_ahmed,1
one4Canada,1
NEI,1
SkyLosier,1
SoSofieFatale,1
DailyMail,1
metafinch,1
ABC,1
mpmwilko,1
trevdick,1
curiorambles,1
dbirch214,0
africasacountry,1
merylbatchelder,1
ChrisMartzWX,1
pearkes,1
shannonmstirone,1
Sanders4Health,1
PopMech,1
KyndallDoesWell,1
killgods69,1
burlinghoffras1,1
chill_harder,1
LaurenceTubiana,1
GregTaylor100,1
ShawtysLikeA_,1
BBCTomFeilden,1
iamAtheistGirl,1
LaurieScottPC,1
carlzimmer,1
ByronYork,1
shmigel,1
herbivore_club,1
solon594bce,1
DeplorableShiv,1
johncurtinEA,1
Chantepoule,1
nataliesurely,1
Boscorelli55,1
GRunowski,1
onlxn,1
mattmulrennan,1
CityLab,1
NadiaMubarakPTI,1
BazzieSmith,1
OneMoreLightLB,1
mlcalderone,1
MrsCRacco,1
GerberKawasaki,1
OkeeffeLynn,1
AdrianLowe,1
UO_Research,1
ConservationOrg,1
ScienceMarchAu,1
Jamie_Woodward_,1
AmyHildrethChen,1
hazechu,0
RealGeoEngWatch,1
sophiegaughran7,1
antonioguterres,1
Zenfucius,1
JordanBLoewen,1
yogaDGAF,1
TorEkelandPLLC,1
sorchafitz,1
mligenzaa,1
This_is_Left,1
JamieTamtekin,1
DavidLWindt,0
LiveScience,1
SkyNews,1
ClareBaileyGPNI,1
MillerHaleLife,1
DianaWr48476186,1
JUST,1
SashaLyutse,1
BarkinDavid,1
AgeofVictoria,1
mikamckinnon,1
brandipuddle,1
caseyclowesaz,1
marvelwonderkat,1
JoeLipham,1
n0__f4c3,1
digg,1
jellsmoor,1
IrishTimesWorld,1
kevin_the_king,1
Ktduffyx,1
JohnP1505,1
DoodlebugKRY,1
Chris_SactoCA,1
LEsupporter17,1
ChispaAZ,1
whorechataxox,1
layanbeirat,1
ricochet_en,1
AshleyMonster23,1
BuchanMarkie,1
OilGasCanada,1
massivesci,1
VPRCramer,1
rowena_kay,1
slifty,1
GraemeNZ01,1
Jess_Shankleman,1
devon_cantwell,1
dorothylynne_,1
ebonileeburke,1
garylangham,1
britishemily78,1
Laurenaaah_,1
KateAronoff,1
petervikesland,1
adamghinds,1
climateprogress,1
SustDev,1
cody_a_hill,1
Sabbar_11,1
Gizmodo,1
BespokeEB,1
cityuponawill,1
gwitchinkris,1
Aviibear,1
GeoffDembicki,1
MonmouthPoll,1
allaboutheben,0
FSB_TCFD,1
olliedewis,1
liamdv4,1
luisbaram,1
owenplaywright,1
aaronnemo,1
KloudiaSakowski,1
MimiAugello,1
paulodonoghue93,1
mattowen1986,1
lbishopw,1
Ricardo_Bald,1
ROCKWOOLInt,1
sarahberms,1
walter_t_evans,1
DFAaction,1
CJtheDJ3791,1
environmentca,1
mozuckerman,1
canislatrans,1
Tim_R_Dawson,1
BbcClimate,1
GraceLuvumbu,1
Jansant,1
ukudigada,1
LibdemBeki,1
Summer1land,1
kkelle29,1
LyssRyann,1
KikiIzumi,1
tyzula__,1
CorbynHope,1
kevinwsenior,1
Tesla,1
DavidPerryCEO,1
NRDC_Global,1
WeAreCanProud,1
relliotmeyer,1
EaniaMac,1
JstnGreen1,1
conorduffy_7,1
UN_Spokesperson,1
ChrisDaviesLD,1
Univ_inenglish,1
trocaire,1
SFDublinCentral,1
sovietblobfish,1
ChrissieGrech,1
ElizabethMay,1
xennialsforbeto,1
Americares,1
PolarBears,1
Kimbchemistry,1
abid_rob,1
dorianwarren,1
themadstone,1
RonaldKlain,1
EuropeInGhana,1
GHGGuru,1
Andypandylathe,1
superultrangel,1
MisterCommodity,1
RoKhanna,1
mateosfo,1
CLFMoses,1
FastCoDesign,1
timesofindia,1
arbuzzy,1
ICE_Markets,1
stu_sendelbach,1
UKinMexico,1
DrBakBak,1
oxfordsolarpv,1
CZEdwards,1
djinn_the,1
ItsMigdallTime,1
Briansmyth99,1
FreshEnergy,1
SusanSchorn,1
BenjArtStafford,1
theracooon,1
TheGreenParty,0
MattMurph24,1
Thomas_Binder,1
NYCDSA_Climate,0
sarahbdas,1
yayitsrob,1
undeadmp3,1
TheKavOfficial,1
Alyssa_Milano,1
DaveKauffman7,1
ContentLeftist,1
serial_miller,1
JaniceFiamengo,1
__DanielleRenee,1
msmarielyons,1
arctic_today,1
gavreilly,1
Channel4News,1
ed_hawkins,1
DeanFieldingF1,1
stejeh,1
LeeDingain,1
LondonLibDems,1
cgtnamerica,1
Adequate_Scott,1
23andMe,1
andrew_tomayer,1
humourme1234,1
kxcii,1
AirportWebcams,1
sugallagher2,1
SCWolfram,1
duskybatfishgrl,1
MailOnline,1
EcoWatch,1
archpaper,1
_julialeigh,1
arihantpub,1
mitchellvii,1
lundegaad,1
apadillafilm6,1
InterfaithWorld,1
talkRADIO,1
StephenDonofrio,1
davconnolly,1
cyndiwanek,1
Living_Future,1
CevikusDeniz,1
UCSUSA,1
the_blochian,1
NOAAFisheriesAK,1
sdarcycollins,1
MikeSeldenFF,1
SebastianEPayne,1
chuck1968,1
nauplius97,1
MN_350,1
GogginsJamie,1
CEPData,1
caronmlindsay,1
MrDominicBuxton,1
turtlekiosk,1
HackneyLibDems,1
LGJanetAustin,1
RorySheehy,1
LimonGladys,1
gwcdunk,1
SameSaysJames,1
ben_gettig,1
DarylT_13,1
ReilySeanConn,1
ArcticFocus,1
ilenviro,1
XposeTrophyHunt,1
climate_ice,1
tclementsuk,1
JamesHubbard113,1
deb_aura1,1
ADHalliwell,1
SLA1500,1
JLWard55972465,1
edgarrmcgregor,1
aliyahzaidii,1
ElectCDavis,1
MSFTResearch,1
S_Catsgotmyback,1
talkfracking,1
liz_odriscoll,1
JesseLehrich,1
CarbonActionNow,1
brynnobrien,1
RafaelParraPena,1
iemanet,1
NorwayUS,1
Reuters,1
GovTimWalz,1
lipmannj,1
elliot_sperber,1
WEschenbach,1
afulton345,1
ForTheirFuture_,1
SenBellows,1
SenFeinstein,1
KarenStillerman,1
Emmett_UCLALaw,1
GetReady,1
cooksventure,1
AliDriverUK,1
ranjuice,1
350Canada,1
Power_PB,1
AlexandriaV2005,1
ReubenWills1,1
dr_sakthi,1
TiredCommunist,1
CCLsaltlake,1
DaveAHopkins,1
RickStrom,1
g_meslin,1
TomBoadle,1
liz_dahl,1
lane902,1
AirportWatch,1
NCDOT,1
cp_adams,1
unfoundation,1
ourdailyplanet,1
danmucida,1
DailyMailCeleb,1
Earthjustice,1
YorkshireLad_87,1
TheWorldWatch,1
adsnell,1
MontereyAq,1
PadraigFlattery,1
HuntsGreenParty,1
RippleEnergy,1
Jumpsteady,1
lartist,1
HenrySternCA,1
SatansJacuzzi,1
McrClimate,1
kissthegroundCA,1
Laurel_Standley,1
SondreLerche,1
BobolinkFan,1
jasonnobleIA,1
soymilkbby,1
__bjork,1
100000000eyes,1
nickheil,1
damianradcliffe,1
JessicaBellTO,1
CIFOR,1
janis_wilds,1
StopCorpAbuse,1
FastCoIdeas,1
nomoremister,1
LindaSuhler,1
Michael_Thawe,1
OpenSecretsDC,1
blue_man_chu,1
SorchaPollak,1
H4HInitiative,1
RossRomanoSSM,1
DanaLehmann,1
_RichTweets,1
KatieOWrites,1
matt_motta,1
maevestone,1
allisonceck,1
slorantes,1
Lee52603726,1
i_D,1
schestowitz,1
Agent350,1
NPCA,1
aclima,1
partykristin,1
ADoyleTD,1
eschor,1
Cecalli_Helper,1
MarcLeeCCPA,1
WaysMeansCmte,1
loriedubo,1
Samiknowsbest1,1
PolitiFactWisc,1
ksw1monk,1
ashkenegro,1
M_Star_Online,1
MadisonECondon,1
lillyspickup,1
philhill1301,1
foeeurope,1
svatikirsten,1
ciara_wardlow,1
kbswanso,1
jules_su,1
foo4ah,1
yehoak,1
wxjay,1
StevenMufson,1
triofrancos,1
IMontoyaResists,1
Thomas1774Paine,1
WallisColours,1
graeme_sr,1
paviraksha,1
WWTworldwide,1
absurdistwords,1
DrKateMarvel,1
iouwon,1
KelseyTuoc,1
lunaperla,1
LoubinWally,1
ItTakesAForest,1
GlblCtznCAN,1
APPCPenn,1
SAPhightech,1
EdwardTHardy,1
steeletalk,1
MrDash109,0
CalvinHelin,1
jessehitchcock,1
colly,1
PBCresearch,1
FiveRights,1
RebelRunnerGirl,1
supernick71,1
NikkiBJA,1
POST_UK,1
fascinatorfun,1
LondonEconomic,1
kajlofgren,1
a_for2day,1
EUinLebanon,1
makrishna,1
MDSeaGrant,1
anti_minotaur,1
Trump_Patriot7,1
Ireland_Greener,1
Ada_McKim,1
CPCatapult,1
SenHannahBeth,1
maritstiles,1
sophie_e_hill,1
TricksyRaccoon,1
katdharrison,1
Wright_S_Lucas,1
CynBlogger,1
Sillyshib,1
dilfisland,1
livingwithewoks,1
UCDavisHumphrey,1
E4Dca,1
stranyannie,1
csirankit,1
tictoc,1
blysx,1
RodPhillips01,1
AndyDoree,1
PeteEcology,1
Pembina,1
jrashall,1
VorthosMike,1
wowo101,1
MaddDawgDailey,1
novaramedia,1
BulwarkOnline,1
MAlllPOWER,1
RocklynDude,1
CAFOD,1
kottke,1
tzmglobal,1
i_am_mr_krabs,1
GraysonBarnette,1
Lady_ClaireUK,1
ClimateChangePK,1
ClaricePerryman,1
tomi__kehinde,1
CJAOurPower,1
AMNH,1
HonorTheEarth,1
rdrake98,1
KenGardner11,1
ThisIsMillwall,1
bbcpodlitical,1
NRDC,0
fulcher_george,1
vijaythani,1
CroesyGeog,1
Shushmula,1
KSweeneyPBP,1
katerbellamy,1
SpencerAndres,1
PoliticsReid,1
scwtngprocess,1
celspellman,1
TOAdamVaughan,1
oneearth,1
CLA_Coleman,1
SheffieldStar,1
MattBakerEnergy,1
frankejames,1
designergirla,1
SaintTibulus,1
SenCortezMasto,1
WeeWalkingTours,1
newscientist,1
LanzaTech,1
TheronC,1
MAGAPOTATO,1
boosterhooch,1
jozeemac,1
SALTConference,1
SarahVandenEede,1
NYCComptroller,1
JanineJansenTV,1
ewarren,1
msdanifernandez,1
DSchrantz,1
GrowGreenCities,1
GeoffBurgan,1
OireachtasNews,1
Salebugle,1
juanajaafar,1
milang,1
DoctorsXr,1
CBCIndigenous,1
CeresNews,1
AlbertoPots,1
HigginsRon,1
47_canal,1
Xhallum,1
cdaubitz,1
Dana93632208,1
100PercentMN,1
OMGTheMess,1
KyleMunson,1
BigIndianGyasi,1
Andrea_Khanjin,1
CAS_climate,1
jordosh,1
ttweinberg,1
EcuadorDon,1
OntarioNDP,1
ASDem,1
Davos,1
justicedems,1
BASAbali,1
Green_IOM,1
Drewdawg7,1
MikeNelson247,1
mustangmadd,1
lisahymas,1
RachelFeather10,1
Exxon_Knew,1
NetsNot,1
DKThomp,1
brianneDMR,1
anniesanders,1
CorletWalker,1
RachelSB,1
floodre,1
WanderBrn2,1
Ceannabhain,1
RadioPakistan,1
UMNresearch,1
JacobHunt3r,1
CDP,1
MarissaGilberry,1
SkepticalRanger,1
_gunstreet,1
diplocourier,1
j_baylorcook,1
SkymetWeather,1
openDemocracy,1
wweek,1
ClimateCrisis,1
franktbh,1
GrenvilleHam,1
Nyan_Cath,1
WiattChris,1
lcemers2,1
RudyCuzzetto,1
eliza_audacis,1
Sansom_Rob,1
JosieIsTired,1
kathycrhs,1
MassDCR,1
TDucklo,1
IPEnews,1
thisisFINLAND,1
Robbotron,1
DefendOurFuture,1
SusanAnenberg,1
spacecrone,1
Trismos,1
jatkins1127,1
Patrici15269004,1
legitngnews,1
UBetchaPalmer,1
ExnerPirot,1
taylorshadith,1
zoeceynar,1
aveyclub,1
aballabriga,1
ffclaireoconnor,1
SteveClarkPC,1
astrophyspunkin,1
wwatsonwright,1
dcwoodruff,1
agapisms,1
Kevin4Earth,1
coopdizzly,1
garrylee111,1
Windspiriteagle,1
BRRN_Fed,1
juliusngoma,1
crauenf,1
Joshua4Congress,1
AschbacherJosef,1
ToddSmithPC,1
oursharedvalues,1
CPHIatUPenn,1
jj0hnnn,1
CBItweets,1
Sheffphilosophy,1
ThisWeekABC,1
taoofcoffee,1
jmask,1
SarahEvans_0,1
wedietz,1
AbelaCarmelo,1
DavidSuzukiFDN,1
theAGU,1
Swansea_Law,1
SaveWildBees,1
benson_karras,1
NaomiStarkman,1
MariAlexxxxa,1
NotTimorous,1
SaskParty,1
TX_lawpony,1
MDforBiden,1
ochieng_owili,1
AlbasArachnid,1
simone__kern,1
kjpilot,1
HughCherne,1
Sshepguy,1
AwakeMik,1
Commuterist,1
CalebHeeringa,1
MikeOttonomous,1
CSRjames,1
bhagwad,1
Akanishta,1
krisjaniskarins,1
Lots_Of_Fun_69,1
thisishellradio,1
adam_marton,1
Jamiemlong,1
AstroTraviesa,1
ABCPolitics,1
vedraven,1
Nanjala1,1
PsychoSix,1
Muna_Mire,1
CFifeKW,1
rutherdan,1
deepgreenresist,1
CANEurope,1
NRDems,1
Tzeporah,1
republicEn,1
observacious,1
Trumpet1984,1
kerrywcampbell,1
jdportes,1
Osigah_,1
ryleighkw,1
AyoSokale,1
jeremymacfadyen,1
Qualifyfor,1
GregRickford,1
theJagmeetSingh,1
KylieDawn167,1
PhilosophyMttrs,1
repbenraylujan,1
WFUNA,1
BBMolasses,1
LEllsworth,1
robert_cockroft,1
Env_Pillar,0
Niall_Sargent,1
KevinHouston2,1
GreenNews_ie,1
YECAction,1
YIMBY_Princeton,1
2ndrateAndyKing,1
HuffPostUK,1
mikecoulson48,1
ohanleyjk,1
ColinTMcKinnon1,1
CBCStephanie,1
merrillcollege,1
podgekinn,1
bristolgreen,1
ProSyn,1
BharatVarma51,1
KansasDems,1
FinancialTimes,1
reipfeiff,1
kilbrniesanders,1
baileepas_,1
roshanindia,1
LancetGH,1
jm_mcgrath,1
NateOnTheHill,1
downwithtyranny,1
jackappleby,1
mmaaaddii,1
SmurphsTweets,1
BobBaileyPC,1
EcoSexuality,1
VickieHawkins,1
axios,1
Scott_Wiener,1
TheRogue_Elf,1
ChrisGloverMPP,1
LauraMaeLindo,0
shelton_haley,1
bedform,1
physorg_com,1
beajayemac,1
maltyhops,1
IowaBiodiesel,1
AndyOz2,1
SpeakSarahSpeak,1
CNSmd,1
jcmarqz,1
StTeresasUp,1
MDVGeneva,1
paoloestrella__,1
YYCbikewinefood,1
javalavamanila,1
jclement4maine,1
MichaelTibollo,1
tommccloughlin,1
benwhitworth1,1
SirAbegao,1
TheAmateurMind,1
Tonya_Song,1
SustainFishUW,1
cjf39,1
350Tacoma,1
MaggieC1243,1
soledadobrien,1
IAMISjp,1
harvardmed,1
WSCranmore,1
BetoORourke,1
phirephoenix,1
culanth,1
shaw_sandy,1
ImagineWorldas1,1
hboterod,1
juliabanksmp,1
Evan4Amherst,1
RaymondChoPC,1
GerryRitzxMP,1
erniehardeman,1
veitchemma,1
WZB_Berlin,1
alexandraphelan,1
moorehn,1
metalvinny,1
OISEUofT,1
Shellst55820482,1
energy_politics,1
gudmunsdottiir,1
TheCarbonSink,1
joe_belliveau,1
JeffYurekMPP,1
StrikeClimate,1
rcbregman,1
a1m0ndm1k,1
stack1975,1
SkanskaGroup,1
darylkramp,1
KatDalziel,1
boxcoblizzie,1
fordnation,1
AupolNews,1
JuriaTRM,1
SkellyHamilton,1
lombardicorina,1
TimCroninMA,1
mgrant76308,1
dawnmarie66,1
abdulla_shahid,1
GBCSA,1
Claudie_L,1
Wonk0TheSane,1
TinaDensmore,1
ingredient_x,1
StJohnsTelegram,1
phoebesaid,1
MiyokoSchinner,1
DrFullertonMPP,1
LisaSchwartz224,1
StuGood3,1
Jane_Gerster,1
moorsforfuture,1
CantelowesGrdns,1
OttoCars1,1
billwalkermpp,1
gnome_chris,1
JYakabuskiMPP,1
cleslie_92,1
climatekeith,1
OneEarth_CP,1
rivermeredith,1
DeborahMeaden,1
UNESCO,1
COGENEurope,1
whozenexxt,1
GuelphHBA,1
JayAshMACP,1
ClaireBakerMSP,1
BisharAmb,1
dingram68,1
BillyBaldwin,1
Sprigolickin,1
autogalatea,1
deenashanker,1
ebafosauganda,1
PruthvirajAgni1,1
uzionmain,1
UVTRL,1
FerdRoseboom,1
KendraWrites,1
TweetingYarnie,1
the_ecofeminist,1
trish_zornio,1
AlexCKaufman,1
SDG_Academy,1
gorgeousdunny1,1
SenSanders,1
_IJR_,1
s_wood1972,1
JoyRhoades1,1
davidstasmadden,1
DeirdreNiF,1
Jeeeze_Louise,1
greenbeltca,1
BradicalCenter,1
VICE,1
RootCapital,1
democracynow,1
ellecherpako,1
FootyRed1,1
thatssovarsha,1
mcmarvey,1
StribLopez,1
CHURCHLADY320,1
nff_news,1
AndreaHorwath,1
paulinemanilaa_,1
MonicaSilvia,1
RobinKwong,1
jjaron,1
TomActman,1
assassinjihoon,1
JackTMPhipps,1
RepDeanPhillips,1
rkyte365,1
BuzzFeedNews,1
TimRRead,1
keelingcurve,1
AshAshling,1
haroldsmith3rd,1
LLALO,1
bethsawin,1
KevinHorn_KH,1
LeavingPlanet,1
CyclingSurgeon,1
steviemaee,1
ReutersWorld,1
amylittlefield,1
MarshadeCordova,1
LeadingWPassion,1
ozpacman,1
ippf,1
GillianBerard,1
forumcctz,1
starlightpotter,1
FlossSays,1
AppleheadEmma,1
Volceltaire,1
ejbcalvello,1
IrishColumbans,1
thinkprogress,1
the_ecologist,1
scubadivergear,1
NEJM,1
cactuswrenwrite,1
Mayors4Climate,1
marcyrockman,1
HannahSnow,1
flyingteacosy,1
RobMyall,1
mollyblackall,1
JustFairUK,1
graceyjoons9486,1
koehrsen_will,1
phelps_chris,1
pjsforestkid,1
WorldGBC,1
ELPinchbeck,1
cafsng,1
NewHallLib,1
iioannoulbs,1
Leewatson641,1
LaurenJTownsend,1
CambridgeGreens,1
EllenGabriel1,1
glenina1981,1
SonOfDadAndMom,0
PiusOko,1
Chrisiferous,1
geograpologist,1
RobertJensen2,1
morss_alex,1
laurendorphin,1
ForzaCorrado,1
GuyKawasaki,1
Below2C_,1
Environment2022,1
DrDGrossman,1
Prishita_MA,1
ferrovial,1
DanielaGabor,1
CopernicusEU,1
UoMPolicy,1
Beetcoin,1
CDuivenv,1
Telegraph,1
CAPE_Doctors,1
action4ifaw,1
R20_AWS,1
JohnPalkovic,1
overtaxed1000,1
JudgeDewie,1
Interact_Manuel,1
ColumbiaUEnergy,1
KayodeAshamu,1
NextCityOrg,1
UKenergywonk,1
caroldevine,1
UE,1
Dunphy_Official,1
TEDxChelmsford,1
Riverford,1
beg_chris,1
KarlDiskin,1
sinnfeinireland,1
SteB777,1
detoxconflict,1
soyvietunion,1
AMAP_Arctic,1
pamfoundation,1
Dsatterthwaite,1
TheTeacherType,1
SteveBowenWx,1
SkidCrease,1
PACJA1,1
beneltham,1
NamugerwaLeah,0
ATLSAHM,1
theSNP,1
Plaid_Cymru,1
Super_Koala_,1
dyessak,1
fergusboden,1
PaulBuskin,1
GreatLakesPeck,1
BoardshortsBen,1
UN_News_Centre,1
sp2kidssparks,1
rupert_higham,1
RuthMcMScott,1
humanrightsfest,1
viktoria_sp,1
realolifrost,1
EcoBarter,1
guardian,1
greenparty_ie,1
JulesInBxl,1
CristianSamper,0
margagual,1
newsworthy_ie,1
NTUsg,1
commonwealthsec,1
jennifergrpvall,1
glenfromep,1
ChristopherNFox,1
HenrySmithUK,1
ChristianOnRE,1
JohnOH1947,1
GraceOSllvn,1
SarahKateSteger,1
MarionGroves,1
yota_berlin,1
FMagyarorszag,1
Strike4Youth,1
smh,1
CraissacLJM,1
amdfupdate,1
MelsBritishVOs,1
crossdale,1
AllanMargolin,1
HansBrask,1
alicebell,0
mpsmithnews,1
James_BG,1
latimeralder,1
Tokyo_Tom,1
JustinBarrettNP,1
Conectdadvocacy,1
triodosuk,1
Newsweek,1
UrbanFoxxxx,1
fiddleBrain,1
Aus_ScienceWeek,1
progressivepush,1
Edgecliffe,1
LoppyLinda,1
LeeShep31617272,1
efforts_crc990,1
FT,1
warresistersint,1
climatevisuals,1
RenewableUK,1
Nash076,1
Madeleine_BG,1
janine_ok,1
Dublin_ie,1
NCDCgov,1
DwardD,1
IowaClimate,1
LizMumford5,1
ICCCAD,1
bosco_hogan,1
SpreyJaap,1
ZackPolanski,1
stinkybrexit,1
Greenhouse_PR,1
westmidlandsgp,1
_rebase,1
WyeLea,1
xtrixcyclex,1
corrine_cash,1
Antonio91255715,1
AmitAryaMD,1
kels_316,1
BeeFaerie,1
JeremyCliffe,1
Choooo_choooo,1
luketdclark,1
NCS_catalyst,1
jonathangaventa,1
EmmaHowardBoyd,1
MrGChampion,1
kary_cee,1
HellkvistJorg,1
InFactsOrg,1
mwewerinke,1
JeffWaldron13,1
STEMinineVlog,1
vivianharris45,1
rogerlwhite,1
fourpawsint,1
JackHunter_uk,1
MMUEnvironment,1
AnnaDrJox,1
oliver_cunliffe,1
bhamys4c,1
maven501,1
ScotWaterWest,1
m0ptp,1
gwcarpenter,1
KayleighMyles,1
DrJessBerentson,1
chinitolawyer,1
FavelParrett,1
cdlariviere,1
AmnestyGB,1
guardianeco,1
WWFEU,1
TechCrunch,1
mslucycooke,1
LNBDublin,1
BK6785,1
Terri_1987a,1
unakavanagh,1
RichardbrutonTD,1
AlaMerQld,1
CSIROnews,1
earthygirl01,1
J_amesp,1
DailyMailUK,1
Eurisy1,1
wsstpeu,1
Dept_CCAE,1
adilray,1
NWCI,1
an_leavy,1
aine_awwnya,1
FrBower,1
briancadam3,1
michelledevane,1
MillyMolly300,1
CharlieLuxton,1
RHarrabin,1
terof,1
TNeenan,1
Memzers,1
WIONews,1
madsffm,1
CorkEnvForum,1
extinctsymbol,1
matthewcobb,1
RSPBbirders,1
Fridaysforfut18,1
ExtinctRebelsIE,1
EamonHaughey,1
UWICER,1
EU_ecoinno,1
johnwhilley,1
JKSteinberger,0
ACEA_eu,1
NewstalkFM,1
XRebellionAus,1
JaneCStout,1
DavQuinn,1
DrAndyLewis1,1
Breakingviews,1
LiamByrneMP,1
BrendanHowlin,1
climatemegan,1
harshit_mewar89,1
vulgarweed,1
hughhunt,1
greenpeaceSE,1
GRANNYMUGGER,1
AlexWodak,1
KafkaVoltaire,1
Al_toMyFriends,1
CGTNOfficial,1
simon_mair,1
mojos55,1
AchalaC,1
FredSimonEU,1
JamesGDyke,1
VillageMagIRE,1
matt303,1
TouchingTheVoid,1
ExperienceElgin,1
simonorafferty,1
ruskin147,1
Johnfinn310,1
JohnHyphen,1
glasgowgreens,1
foxnic,1
fatiabubakar_,1
mala_shaunak,1
fiannafailparty,1
BirdsMatter_ie,1
JenniferMerode,1
kateingalway,1
sapeermayronnz,1
tavoni_massimo,1
CarlingfordIRE,1
GreenpeaceEU,0
WeDontHaveTime0,1
laurimyllyvirta,1
CEVokins,1
madrugada007,1
PragmaticPete,1
beyond_estuary,1
Ulf_Ekelund,1
a_free_ride,1
MilesKing10,1
rte,1
PeterSinger,1
Jonathan_K_Cook,1
frostyfri,1
Sara_Peltola,1
RobBryher,1
p_hannam,1
sophielwill_,1
Justin_Burns1,1
Xaphoon148,1
davidhall75,1
Magid4MP,1
R_Degrowth,1
reggienoo1,1
BarrettWilson6,1
Patagorda,1
JimCarolanMU,1
Abrial_GD,1
JamesRider3,1
AarneClimate,1
darty_sp,1
DisclosureTLiv,1
joannayarrow,1
Jarrapin,1
aislingsharkey,1
Independent_ie,1
1828uk,1
TRF_Stories,1
TRF_Climate,1
florianeisele,1
VirginMediaNews,1
RichardTol,1
ISchops,1
CosgroveNessa,1
AMukwashi,1
PJHVerhoeven,1
climate,1
MarchUnite,1
realRick_AUS,1
attractaub,1
StuartEdser,1
AssaadRazzouk,1
jodeszgavilan,1
gazza_d,1
a_charalambides,1
annachrmartin,1
ICAN_NOW,1
Rolo_Tamasi,1
jasonomahony,1
ProfTimOB,1
MichaelM_ACT,1
BBCPallab,1
RikkyBear,1
DerrickChester1,1
VAGABONDVVITCHH,1
renew_economy,1
TaniaGroth,1
berkeleyside,1
euronews,1
tzemingdynasty,1
SophNar0747,1
shady_san13,1
HumanIslamo,1
lushjames,1
gee_beezus,1
fussybabybitch,1
NAINITAL,1
ucandoit99,1
RodSneaky,1
queersocialism,1
WBG_Climate,1
deric_tv,1
SCMarshall130,1
greensinspa,1
malonebarry,1
RichardAPeddie,1
ChrisLivesArt,1
MikeHudema,0
jaredleopold,1
MabalaMakengeza,1
PaulHBeckwith,1
Noahpinion,1
ALEXNEWMAN_JOU,1
CassieIrish,1
ian_radisich,1
paraschopra,1
LeslieMarshall,1
tippenergy,1
ORTXCentralTX,1
climate_cube,1
Kevin_A_Reilly,1
BillRic11018578,1
myopinion58,1
GoodTwitty,1
AyannaZariya,1
dallasgoldtooth,1
msterrybrown,1
fuchstraumer,1
paul_sherlock,1
NatureAsMeasure,1
kristenobacter,1
kathtatts,1
CathyTuttle,1
ManhattanInst,1
aneeshcs,1
MRobertsQLD,1
2GB873,1
wowfarah,1
climaterealSEPA,1
stateoflynn,1
NWSCaribou,1
GrauweGrutjes,1
HoustonChron,1
jbouie,1
abundanttransit,1
MarleyBlonsky,1
terrafluxus,1
BillHareClimate,1
mckinnon_hannah,1
VicFarmers,1
thenamesO,1
RaeFigursky,1
123jillwalker,1
josh4lite,1
msingerx,1
Bambi740977317,1
rainey_knight,1
MaherNasserUN,1
DylanPenner,1
TheM_Bird,1
meggfisherr,1
JakeMitch17,1
von_Brunn,1
JuanPhokas,1
Iromg,1
the_shpa,1
MsiaChronicle,1
blazebenbrooks,1
VoiceOfFranky,1
suntzufuntzu,1
wsainh,1
brinxee,1
bushplato,1
rontkim,1
MarchForScience,1
scmaestra,1
Harold_Steves,1
ecomanda,1
Jaybritz,1
AusConservation,1
SamDavi99667843,1
kateknuth,1
a_brauweiler,1
ReflectingMan,1
Magusiak,1
bjacobsc,1
4AnimalLife,1
NWSMidland,1
USCentrist,1
jcalder1983,1
hanaabun,1
brianschatz,1
heidi_k_edmonds,1
jtyler220,1
2muchfun4me,1
holivarez19,1
CCPAMB,1
annabikes,1
The_Big_Quiet,1
ap4ca,1
juddgreenstein,1
SadhbhO,1
dosomething,1
KarinaCCI,1
ItGetsBetter,1
sciam,1
ENVSDGs_IRL,1
mya70847137,1
troutish,1
Jeff_Wheeldon,1
STAND_LA,1
BTERowan,1
PaulinaAstrozaS,1
CBD_Climate,1
benjamingoloff,1
RichGas8,1
pleasesaveour,1
TorranceCoste,1
xoLisaex,1
JayHalfon,1
flower_kaitlyn,1
Greg49039425,1
EmPerez24,1
nytopinion,1
OilMoneyOut,1
HawaiianStyle62,1
ClimateEnvoyNZ,1
Skink00ts,1
Scribulatora,1
pauljimerson,1
johnleremainer,1
laura_kathlyn_,1
RickyRoxburgh,1
ChrisNahr,1
samois,1
XRboston,1
eyeinth35596064,1
thirstygecko,1
realbenbradbury,1
JoelHardenONDP,1
Cellis65,1
McAleer_1,1
sarthakgh,1
MadamEarth,1
NatObserver,1
emills28,1
kindavirgo,1
AveryBaker_7,1
mikedesouza,1
kolindarko,1
knamodeo,1
dazzlerbags,1
Caribclimateact,1
ProudGael,1
HerrDrFunk,1
cianflanagan_,1
blue_jay_john,1
kainagata,1
skybluebint,1
moogysmaszimo,1
AlsoACarpenter,1
DrugDogs,1
rightoutpeter,1
audiF1,1
pb4p,1
BenWest,1
MichaelDTubbs,1
Clim8Resilient,1
PACNEWS1,1
NJLCV,1
clinchmtn316,1
CorkMayor,1
SilverLiningGS,1
Borabeet,1
KateSmolski,1
WineFolly,1
JohnMuirProject,1
CarbonCriminal,1
TwosUpCanada,1
CJ_Toronto,1
LeahNiD,1
RobOakeshott1,1
Stepheng_68,1
lucymcaldwell,1
adamlmorton,1
mikarodenbaugh,1
MBAKS_Voice,1
A__Sandwich,1
AndyPearson68,1
tiffanu,1
laurenmxy,1
Micheal_Sustain,1
CA_Latest,1
szabosolicitors,1
irishexaminer,1
IWeeeeeendyy,1
brettbergie,1
BrianEttling,1
sundowner998,1
PaleoishKait,1
mathsavage,1
paddylepage,1
kayrosef,1
cdbrzezinski,1
chrfield,1
Alaska_CASC,1
Quackarazzi,1
JeffMerkley,1
Dub324,1
SocDemsDubCen,1
MikeFreaFitz,1
CymaticWave,1
CarlBeijer,1
DominicBoyer,1
senatornoone,1
daveyk317,1
M2Madness,1
Mooseplainer,1
archaeology_aia,1
commondreams,1
ConversationEDU,1
NachmanyMichal,1
keitho3030,1
CleanMed,1
dizzy_art,1
AntarcticSF,1
ResilientMBK,1
CiaranCuffe,1
CleanEnergyBC,1
HeliHyypia1,1
exploratorium,1
RogerAines,1
JMPyper,1
weronlystardust,1
FillesVertesPub,1
fatimabsyed,1
MargaretWard1,1
centerforautism,1
mytk56,1
lulex,1
danieljohnhall,1
DomainMondo,1
CA_Waterkeepers,1
GwReturns,1
JessDulay1,1
thejournal_ie,1
rebleber,1
itzymx,1
SDDecleve,1
CroweDM,1
nkybeth,1
Vimy_Resources,1
IDAUSA,1
cejapower,1
ChrisGPackham,1
cleanenergywire,1
useronline1,1
irishhealthhour,1
ialhusseini,1
avrillynch82,1
jbr485,1
NatStClair,1
AndrewSimms_uk,1
oathkeeper7777,1
taylorslurt,1
leofdarrell,1
josephamadigan,1
xrSchweiz,1
shar_nolan,1
JaneCaro,1
dr_teng,1
climateMorrow,1
OISEese,1
BOGallachoir,1
Mindlessdroid,1
GordonGChang,1
floodsg,1
noodaroo,1
ClaraJeffery,1
TheReal_Crayon,1
chrissmithradio,1
theradardude,1
mikestern_ag,1
_rebeccamills,1
geshtin_karanu,1
eamorris_,1
ronfromsandiego,1
CorkCyclingCrew,1
Alotron,1
Oikoumene,1
Jo4CaldiCastle,1
emilyannalafoy,1
shared_assets,1
eddie3beaumont,1
Anothergreen,1
ReclaimAnglesea,1
libshipwreck,1
Tom___Scott,1
robbulldog,1
SaraEddy2020,1
Hendyhendel,1
mynamesnotgordy,1
flyonthewall182,1
Hugo_W93,1
jmkorhonen,1
Michael_French,1
_caoimhe_o_c_,1
Jamie_Margolin,1
uwunamjoon,1
catrina_randall,1
breakdown_daily,1
NickLee268,1
JePod,1
osiris_neits,1
AthertonKD,1
wessex4europe,1
commieberry,1
PatriciaDRoss,1
cbcasithappens,1
OurRevolution,1
WAProgressive,1
ConroyForReal,1
toddstonebc,1
sethpiper,1
katelynmarkham,1
KroegerCarol,1
jessifyme,1
jvgraz,1
jnoisecat,1
Kvverra,1
HonckerCars,1
nayelijs,1
molivahemker,1
MORANEnv,1
MainePublic,1
HarvardBiz,1
unapower,1
chemmefatale,1
WilhelmForNH,1
PaulBegala,1
StewardshipBC,1
socialactionAAS,1
Normsmusic,1
RRidley11,1
NLinAtlanta,1
Ismisekarl,1
robintransition,1
tylerw_unl,1
Greens4Animals,1
leispiachh,1
TimROConnor,1
XVGHS,1
Philip_Ellis,1
callout_boy,1
climatecaseire,1
StepAgainstCC,1
MaryHeglar,0
samcasey01,1
DaddyFiles,1
Lanterne_Verte,1
PolSocStudent,1
ambrown,1
SenJeffMerkley,1
ItsMissIsi,1
EricaJong,1
FluppKey,1
KevinCreaghPBP,1
axcomrade,1
RCPilkington,1
chascow,1
whittledaway,1
alfonslopeztena,1
Greenlining,1
gucciakajenn,1
DamianOFarrell,1
IRENA,1
Athol94519002,1
Moneyweb,1
naomiekingston,1
KGeorgieva,1
ClontarfD3,1
emilychamberss,1
EamonRyan,0
va_shiva,1
jackiefox_,1
JimBair62221006,1
Ryschlee,1
AdamMcGibbon,1
orfonline,1
DeptAHG,1
chloemaxmin,1
Minty19641,1
ericadavisk,1
McCarthy_ca,1
bridsmithTD,1
plunder100,1
MarcKC_Green,1
GerHerbert1,1
scotgp,1
y_buckley,1
MPayneCville,1
Chess_1967,1
HackneyFeed,1
Skeen1a,1
JOEdotie,1
AminaJMohammed,1
TheresaTINI,1
ElBartoArmy,1
TenaciousCEEE,1
NCapretz,1
CJ1Freeman,1
MarkMalloryLab,1
xRebelCanada,0
ms_lenderman,1
CllrOkeeffe,1
JOANEY99,1
KenPerry47,1
IrinaAnanyeva,1
NadiaReevesLong,1
F4FCork,1
GeopolSimon,1
curtis_1myers,1
JeffBullerman,1
AndyWPattison,1
PeachyGreenLife,1
sjmuir,1
JohnDelaney,1
racescientist,1
VincentPMartin1,1
MylesKingston,1
MayaLillianM,1
materialist_jew,1
DevlinAnnmarie,1
climate_lpool,1
TheoHarrison9,1
MichaelKitces,1
doctorbarnes1,1
NOAAClimate,1
FinlayPringle,1
lessflying,1
BPSYT1,1
TadhgBrowne,1
SNGreenways,1
PPFrackedGas,1
sarahcrean_,1
naoise,1
collieennis,1
Domhannigan,1
EvaDowling,1
BeyondCoal,1
DublinTaxiMan1,1
Maevee__,1
ExtinctionRDK,1
WRIGovernance,1
DtoTheQ,1
teeoonnaaaa,1
WideAsleepNima,1
bokesy,1
globalwarning_,1
sadieefarrell,1
TheLutherBell1,1
riddles_martin,1
TorEldevik,1
UPROSE,1
gavnugent,1
ProNoob13,1
DataProgress,1
iancborsuk,1
NeilUKIP,1
_JessicaBlythe,1
RowanUniversity,1
lathrop_kay,1
AineMcMahon,1
davidmurphyRTE,1
alexan_bailey,1
1Hildegarde,1
IvorGeoghegan,1
charter4values,1
US_SIF,1
EarthsCall,1
RTENewsPaulC,1
NiamhAGarvey,1
thx1979,1
theYouthReps,1
NkirukaNistoran,1
vaIeriemccrory,1
RuairiGalavan,1
SeanMcElwee,1
TomOsander,1
MFischFriedman,1
thorstenbenner,1
MichaelEwing1,1
JanisOrlowskiMD,1
fff_europe,1
KarlMathiesen,1
laurap18,1
TomSpilsbury,1
pinguvicky,1
citizensclimate,1
austintexasgov,1
chronicle,1
oceana,1
jamalraad,1
BruceCGordon,1
Meghann_AT,1
MoonSpirit09,1
unitedfreedom3,1
Oxfam,1
windaware,1
Infocadl2015,1
sadeadekugbe,1
PosterfreeIE,1
INEOS_Shale,1
TheClimateCC,1
elienesch,1
thbaketal,1
Jackthelad1947,1
xraustin,1
blkahn,1
alexforeurope,1
Cath_Dev,1
MichelleVirgo,1
MichealLehane,1
GMBStuart,1
LornaBogue,1
JeromeFosterII,1
nunesmaxwell,1
ShellenbergerMD,0
EricLevitz,1
MBARI_News,1
KeesBloklandPhD,1
derrickokeefe,1
BeanieLordxo,1
heard_on_high,1
PoliticsScot,1
GaryWHall,1
NadiaWhittome,1
cray_inc,1
_sycs_,1
SeasideScribe,1
LibDems,1
TomJohn1975,1
tararoonies,1
ChristinaMcKeen,1
_Jon_Green,1
PlasticPollutes,1
true_pundit,1
RyanMcGreal,1
CCPA_BC,1
pamfoster31,1
LGretzky,1
ichy_vagenda,1
Dmrmcb,1
STU_07,1
CourtMcQuade,1
A4WE,1
PACEfunders,1
HempStaff,1
YoungLiberalsUK,1
LaserPunk,1
selfdfens,1
CassandraLThiel,1
tinaissa,1
youmans_tim,1
AlexSteffen,0
Mr_Wind_Up_Bird,1
ArabellaSock,1
radicalchunder,1
amy_lubik,1
Energy4Europe,1
_Aaron_447,1
KirkleesYC,1
saoi4climate,1
joelespino_24,1
Ecocene,1
PsychPrinceton,1
jocutronatweets,1
PacificForest,1
SomewhereinATX,1
CarlosCLarios1,1
TSwiftNeedsYou,1
jwalkenrdc,1
campbellsuz,1
TrueYangster,1
Geoderma_Jrnl,1
nsvf,1
Kat_Bee_123,1
ScalCapone,1
RevmodDon,1
mire_daly,1
TimBartik,1
FIPActionFund,1
Col_Orange,1
TopThird,1
mrstooth,1
nel_corr,1
theclimatereg,1
kateejamieson,1
KateErvine,1
JewelLipps,1
codyko69,1
WASenDemocrats,1
peterwjmiller,1
truthout,1
ChoiceMediatv,1
listonv,1
HRHBoristheIWS,1
P4F_Seattle,1
emilygrubert,1
BelgiumAtlanta,1
devron00,1
Rubberbandits,1
HugoLabour,1
tknott_team205,1
RadReduction,1
ncolloff,1
CopernicusECMWF,1
RedBrickz26,1
cathmartingreen,1
Maggie4Beers,1
NickSchroeck,1
notjessiestwit,1
j_mcelroy,1
KiryeNet,1
ChrisOlsenSD,1
JustinHGillis,1
NicoSGonzalez,1
dpa_intl,1
WorldBankSAsia,1
Stuartsediment,1
thefadil94,1
Panachevert,1
NASSP,1
Guy_McPherson,1
JoJoleneLive,1
europeangreens,1
itvnews,1
ixz____,1
thehill,1
Paula_Martian,1
mearnshaw158,1
scianalysis,1
NickHoltvluwer,1
yassaminansari,1
LauraJKehoe,1
StephenJWT,1
SDGAdvocates,1
DeerSprouts,1
Climate_Pete,1
RobinJullian,1
philshawknight,1
JustinWingerter,1
cherokeesher2,1
DavidFopp,1
RepHuffman,1
dicapriofdn,1
BirdWatchIE,1
BrianKuebler_,1
Ron4California,1
ScienceNews,1
ThirdWayEnergy,1
UNJanKubis,1
Martintenorsax,1
BlueHumanity,1
UrbanistOrg,1
malbiguerras,1
MeanwhileinCana,1
WBrettWilson,1
kerriclaireneil,1
psr_washington,1
JohnFurrToronto,1
izzybelle1964,1
PSRenvironment,1
SenatorCarper,1
daspenmusic,1
TheMarkMathis,1
ChrisDebien,1
MattAbbottPoet,1
JohnMoralesNBC6,1
sankrant,1
NikolaiOrgland,1
ccblueyes70,1
onlyoneplaneta,1
penny_walker_sd,1
alastairgee,1
meteorologo777,1
commonsbc,1
RowdyGirlRanch,1
voicesofyouth,1
NOAANCEIclimate,0
CalSGC,1
OxfamScotland,1
BrightonIndy,1
LAWaterkeeper,1
CitFrClimACTION,1
IamShaneMorris,1
Nigel1934,1
DurBabushka,1
SarahLaverty1,1
CHepworthAuthor,1
LamaJabr,1
KeepBritainTidy,1
kelseycpriest,1
HumanitiesGC,1
JasonBordoff,1
Nuclear_Matters,1
QuickNick8,1
owlgirl574,1
HartwigSchafer,1
Kevin_Faulconer,1
Zach_Brownie,1
knowyourIX,1
cbcnewsbc,1
Lnnie,1
Northeastern,1
___lor__,1
nwtreatytribes,1
acespace,1
wondermagenta,1
Smashabash,1
bruneski,1
DannyHozack,1
LoneAndersen7,1
aniacalderon,1
rockdaCassbah,1
trisaetum,1
BDNPolitics,1
MSFsci,1
natalieben,1
clairefrwordley,1
HeilbronnPierre,1
ArgusMedia,1
johnmcdonnellMP,1
CarolLyle4,1
bnprime,1
WDjal,1
Minnierolfe1,1
trabulsyeh,1
CSDevNet1,1
theAoU,1
Ear_thling,1
AmazonWatch,1
FSHornschild,1
Michael46830937,1
ecas_europe,1
bangordailynews,1
nunblogger,1
GaiaEducation,1
cocvic,1
ReThePixie,1
CWhitakerSport,1
Paul42980402,1
sustainptn,1
ClydeSpace,1
frackfreelancs,1
HelloTarla,1
mitchellreports,1
aacmicrotec,1
aseitzwald,1
rene_ziegler,1
TomosJones92,1
ACLU_NorCal,1
AdriennePBPA,1
sofiejenkinson,1
JackTorres00,1
melindapdc,1
spconnolly,1
algore,1
jcqle,1
SeattleIndies,1
UNAUSA,1
UNICEFuk_action,1
redforged42,1
NWSSacramento,1
jessepiedfort,1
australian,1
benjaminbutter,1
NewClimateEcon,1
cosaingalway,1
spalhus,1
LeeCamp,1
WorldClimate,1
jembendell,1
CRG_CRM,1
KnutAndersen5,1
katieweeks,1
RichardBurgon,1
SyntheaL,1
HerbertHistory,1
corporateknight,1
Elisa_Raffa,1
NickMolho,1
alohacollege,1
SenMarkey,1
gotonura,1
MPsy1010,1
gradclimateconf,1
grow_ahead,1
ruthvalerio,1
spiderjulie,1
_CFEW,1
biermann_max,1
sbbaines,1
Michalea_King,1
lazeefair,1
WooTube,1
Indiana_EDC,1
McMurchie,1
Flame_Over_,1
ccldfw,1
scijinks,1
goACTA,1
edking_I,1
teresesvoboda,1
RJW373,1
gab_lipton,1
bbcworldservice,1
Greenpeace_MR,1
NoahBakerLong,1
barbchamberlain,1
veeliaxo,1
jeffreymoro,1
iHealthVisiting,1
UN_UniteIdeas,1
MinnInAlliance,1
LadyOfSardines,1
mcmac603,1
Sierra_Magazine,1
AnnPettifor,1
nohemitoobad,1
SLHJoe,1
BowinnMa,1
Green_Europe,1
cjcook20283,1
DrDavidHulme,1
ssteingraber1,1
ASteiner,1
upstatefederlst,1
IanCramer,1
CarlenGateau,1
EPEESecretariat,1
Exotides,1
danielamicheal,1
ocean_climate,1
leemzee,1
BenWessel,1
climateleaf,1
ASCOA,1
ExpatJake,1
peikko763,1
JulieDepenbrock,1
MarDieye,1
StartUpGET,1
CazB52,1
DrShewmake,1
EPAIreland,1
AMHotFlash,1
PrincetonEHS,1
NPR,1
marytait2,1
eshape_eu,1
ChurchofMatenro,1
JulianInsange,1
ejtwister,1
labourlewis,1
sarahforpdx,1
BenRobinsonMV,1
Luisamneubauer,1
Greenwood_Pete,1
milliegu,1
kristinamonllos,1
PaulChapman_,1
tynewrc,1
greenwandsworth,1
LafargeHolcim,1
EnergyLawJeff,1
jaycola,1
iki_bmu,1
FarmingUK,1
ClimateDesk,1
AmitThakerBJP,1
kimbetech,1
acmaycock,1
aglawfoodie,1
susie_ellis9,1
SCantbserious,1
GeorgeDemure,1
firmenich,1
GavinPartridge,1
bayareachuck,1
beyrima,1
WMBtweets,1
opendatacharter,1
PeggySattlerNDP,1
TheGCSP,1
agoraverkehr,1
JorisMeys,1
IUAofficial,1
moscicka_dendys,1
ShirleyCaminiti,1
FoEScot,1
WildernessWatch,1
mary_ng,1
sportsalliance,1
nprpolitics,1
KurtDeketelaere,1
mydakini,1
IMOclimate,1
ZLabe,1
maryannehitt,1
NYRenews,1
RobinEnochs,1
J_Wettengel,1
TrueEyeTheSpy,1
BradZarnett,1
sea_Baugruppe,1
HansLak,1
HeidiHeidiLim,1
EricVolta1,1
curryja,1
PlanB_earth,1
sethbannon,1
BeyondSport,1
ShaneSnook_Wolf,1
copscampaign,1
Giteaux,1
threadreaderapp,1
bill_loveless,1
NGLCC,1
geo_savvidou,1
nettle_alex,1
MaggieHClifford,1
ClimateStick,1
tcadaptations,1
EconofHappiness,1
colinjustin,1
votesolar,1
pixburghgrrl,1
Progresscdn,1
Truthbe46567003,1
bothoren,1
MichaelFrison5,1
greenpeace_de,1
jeanmedavis,1
EmmaKnox4U,1
DannyJohnJules,1
Cryptonary_,1
wittwer_paul,1
LocalPeopleLead,1
BizWriterKristi,1
SonyaDreizler,1
raynise03,1
cpjackson79,1
oxfamcampaigns,1
RRI_eu,1
pippa_koszerek,1
shumeigore,1
EcologyOttawa,1
GoodTechLab,1
pipsuxx,1
urban_wonder,1
esriuk,1
MojKsa_EN,1
RealKav_P,1
ESA_EO,1
NASAHarvest,1
BPC_Bipartisan,1
KareBearScare,1
ClimateKIC,1
MurrayShookchin,1
MiddyRay,1
parents4future,1
FarmForward,1
SoilAssociation,1
MrPhilNorman,1
crisortunity,1
ClimateKICspain,1
thomasnhale,1
mpusto,1
CamFenton,1
StephaniePelley,1
DailyCaller,1
VEI_NL,1
JimDensham,1
SamHersh01,1
United_Bosnia,1
PeteRose1,1
parking_seal,1
mikegalsworthy,1
nytimes,1
WVMali,1
rhodium_group,1
SustainABR,1
oekofuzzi,1
MetOffice_Sci,1
MeghanSkornia,1
AnunaDe,1
pmaidowski,1
GoutamGhosal2,1
LicensedT0Ill,1
RSTMH,1
k_segal,1
Climate4Health,1
sillymickel,1
MarianneEjder,1
ayyarj1,1
FixCircle,1
shiftourpower,1
KeiMacken,1
Citizen_Climate,1
UN4Youth,1
ACSMNews,1
JulienAcosta,1
GERonEconomy,1
CormacNugent,1
JennySelsby,1
marshallmyers53,1
tanyabschwarz,1
VickiMcKenna,1
UAlbanyGreenScn,1
HugoSAS,1
barryjcooke1,1
Zacnaloen,1
oneMaldivian,1
FranAloisio,1
Raysmit9,1
Gtrugs,1
miroirdufou,1
CuffyMeh,1
emily_manns,1
peatyGHG,1
DCarterSLC,1
FossielvrijNL,1
Nials5,1
UMAS_15,1
youthvgov,1
GaynorDan,1
ClubOfRome,1
NWAC_CA,1
emmafmerchant,1
BullisSchool,1
MariolgaParra,1
shannacleveland,1
jjrennie,1
st_left,1
gstew2,1
HelenCRobertson,1
FSR_Energy,1
NumberLens,1
MinkysHighjinks,1
CassandraWaldon,1
EUAmbDanielsson,1
kazahann,1
Allisomething,1
TimChristo,1
rkasturi,1
CCACoalition,1
DrAlexFord,1
karaforcongress,1
vvsg,1
hermit_hwarang,1
payettepeople,1
MENnewsdesk,1
CraigBennett3,1
NRCan,1
IceSheetMike,1
LotharSchueller,1
HorusArisen,1
RealNatalieRowe,1
ClimateHome,1
AnthonyOxon,1
PRI_News,1
saltsea,1
JohnDuda,1
IanakaLil,1
paulgilding,1
emvdn,1
ETEnergyWorld,1
JanssensBert,1
ohboywhatashot,1
Oliver_Geden,1
mythofprogress,1
HollyAPetersen,1
Naparstek,1
peterdaou,1
segenter,1
retail_recruit,1
NLsocialjustice,1
GuardianAus,1
ClimateOfGavin,1
Harkaway,1
jogarfie,1
jeffers6550,1
BbqNino,1
fairplaywomen,1
Amanwy,1
katiecorker,1
Climatearticles,1
franceonu,1
WeAnimals,1
GW4Alliance,1
patiswhereitsat,1
ketan83,1
TheCurrentCBC,1
Oobeleski,1
RealMcGand,1
JamesKneale,1
frackfree_eu,1
SarcasmStardust,1
newint,1
LamontEarth,1
Illango_WB,1
NLatEU,1
PamKehoe,1
ENAREurope,1
soldier4Him,1
SikhFeminist,1
ASmallAMount,1
ThisIsZeroHour,1
RobertIOliver,1
GCIGreenCooling,1
iamcardiffuni,1
Ross_Greer,1
foeireland,1
GoogleNewsInit,1
blmohr,1
sarahohagan8,1
LisaRomanoEDU,1
sonnyboyorange,1
POLITICOEurope,1
spttrial,1
Iberdrola_En,1
Ecotxe_SM,1
livinggreenbarr,1
Bluemarinef,1
MSR_Future,1
TrumpSuperElite,1
OisinCoghlan,1
ecopragmatist,1
YannClough,1
Dounestylee,1
hazel_healy,1
AnnaaFr,1
KingOfLepers,1
mattcooke_uk,1
Florindo_fabio,1
saramsalem,1
think_or_swim,1
RepJasonSmith,1
jakeandmaya,1
bjohnhillary,1
PubAffairsEU,1
rockcock64,1
libdemEdRhymist,1
markoftheD,1
MaREIcentre,1
MarkVinPaul,1
FrankovaTt,1
GeeForce77,1
giz_gmbh,1
JacquelynGill,1
Redbilledchough,1
EnoProgramme,1
JamesGIS,1
urgewald,1
SvenTeske,1
Jersey_Craig,1
RSMUK,1
donnafstelling,1
LUCSUS_LU,1
GreenRupertRead,1
Science_Hooker,1
Chris_JBowman,1
JillMassey,1
Holly_Teine,1
Fern_NGO,1
VariabilityBlog,1
james_trezise,1
nicklurkin,1
studywithashley,1
TimmonsRoberts,1
JeremyCorbyn4PM,1
NEF,1
Bebe111,1
Milliganreports,1
Endie17,1
AgentP22,1
FutSpy,1
aberdeenuni,1
danielmittler,1
KooyongVotes,1
castilloivan108,1
NathanStewartEU,1
guardiannews,1
NAR,1
JohnClarksonGSM,1
Marthalanefox,1
arlenedavila1,1
PaulChatterton9,1
GreenFundRw,1
TeRRIFICA_,1
ShrewsLabour,1
PamMcElwee,1
HonMushimba,1
BobBrownFndn,1
New_Nathan,1
MarleneKeener,1
JonathanCohn,1
ICES_ASC,1
retirewcashflow,1
Glesi6,1
UPC_IR,1
MarineCornelis,1
REAssociation,1
cabotinstitute,1
LouiseTeboul,1
Jacobvanetten,1
Barnesy19,1
Scottludlam,1
DoertheRosenow,1
HagueRoundtable,1
aarwynne,1
ExtremelyMy,1
lauralexx,1
teanau_tuiono,1
cadwego,1
josephmillson,1
beckywynn,1
SeneddResearch,1
MckinleyLynaya,1
mtlgazette,1
MaryStGeorge,1
peeters_kris1,1
AndrewRTDavies,1
ClareDinnisEA,1
AllPlan4,1
SwedeninAL,1
GreenSchoolsIre,1
nuffniceness,1
catherine_v_p,1
SolarPowerEU,1
1millionwomen,1
gemgord,1
DevPathways,1
c_ogburn,1
WCRP_climate,1
RogerHelmerMEP,1
LisaMcLaren2013,1
bvumie,1
davidicke,1
RECIELjournal,1
kmgoodenough,1
RTB_CGIAR,1
ehallissey91,1
alice_venn,1
nclfossilfree,1
FitzgeraldFrncs,1
friends_earth,1
iaeaorg,1
eronblo,1
Andrew_Marcus21,1
timdavies,1
bbforpeace,1
aDissentient,1
asteronomer,1
PolicingInsight,1
ndakaripa,1
VWEOSRAY,1
Cities_Today,1
zabala_eu,1
EdwinSigey_,1
CarlSchlyter,1
ginbat,1
leobarasi,1
DExEUgov,1
UNDP_India,1
storsvedjan,1
FridayForFuture,1
Diem25MCR,1
AmySciTech,1
EmmaCameron9,1
joss_prior,1
matthew25496877,1
di_lungu,1
EcologicBerlin,1
kloweryPwC,1
situationniste,1
ClimateGroup,1
BoschGlobal,0
liisa_sr,1
WM_Global,1
METRO_News,1
JacotheNorth,1
By2020WeRiseUp,1
BrendanM56,1
CmccClimate,1
BristolUni,1
TheBeamMagazine,1
Belmont_Forum,1
thetitusbush,1
lizbonnin,1
ShelaghFogarty,1
tim12rob,1
jar_climate,1
IPBES,1
Infinitedeity73,1
YusufDFI,1
TotnesTessa,1
joernebberg,1
imcmenamin,1
Skylar_Bee,1
Climate_Policy,1
EIB,1
josie360,1
lauriefdparsons,1
Chant_ella,1
Haga_Initiative,1
BrookingsIndia,1
jeffgoodell,1
my_tickr,1
Global_Witness,1
ClimateCLG,1
mitatweets,1
KenY2Ken,1
xr_richmond,1
croakeyblog,1
EhrhartChristof,1
FlorianFlaig,1
acwevans,1
Fortum,1
peacenicsta,1
MeteoRwanda,1
Bankfieldbecky,1
Fedarene,1
8Karayo,1
angeliqueorr,1
mimmymum,1
Wendy_Bacon,1
FIR_FrenchSIF,1
nbstv,1
ConservativeGsg,1
Photaculous,1
jossgarman,1
jarrodmckenna,1
fauldsca,1
Clim2Power,1
350Europe,1
BishopDorking,1
EPIC_India,1
RC_Garrick,1
doug_parr,1
3speeders,1
Thelma710,1
sarahaabel,1
ChristophidouEU,1
HardingMike,1
JoeMoeonoKolio,1
scratchcarddust,1
VixL,1
BradHopwood,1
jimball1000,1
DavidMLammers,1
MuireannNic,1
JohnHannam69,1
enkla,1
d_christianrose,1
richenvironment,1
joinedupthinker,1
CRobertsonUK,1
leosvahnback,1
sujiseam,1
WMOUNHQ,1
piccavet,1
JunaidNyker,1
jaeyoontrash,1
kuhn_reinhard,1
YHGreenParty,1
littlerobbergrl,1
acarrillopineda,1
CoolPlanetExp,1
MrTardigradeUK,1
pascoesabido,1
GeoMColeman,1
DonMeeChoi,1
CarTaxBill,1
InteCmteSGP,1
SwedeninSA,1
roxanabucata,1
andythegreenie,1
JoanSmi54744685,1
HelenClarkNZ,1
PunishedBoomer,1
pswieboda,1
NEON_UK,1
MarkSwivel,1
ahn_writing,1
wendy_hume,1
ne_senas,1
pray2mecca,1
jf_jmf60,1
KatyJenkinsLDR,1
kristin8X,1
Dr_PhilAnderson,1
Zelpapang,1
ImOpenToIt,1
DKAMBinSA,1
_EmmaNavarro,1
eevriviades,1
SDSCdatascience,1
DanVexler,1
StepUpNowEU,1
We_OwnIt,1
dmacthomais,1
The_GreenTank,1
qedigiv,1
KaiterEnless,1
ldemuele,1
peterdnewman,1
transenv,1
Frasergrant,1
gavincorbett,1
yeoperson,1
S2S4E,1
ICLEI_Europe,1
EleanorRylance,1
uarctic,1
tomfinch89,1
teachersforfut1,1
Hepworthclare,1
AmazingChevVolt,1
NjorogeAnnie,1
SirPyecroft,1
WWFLeadWater,1
Jess_Panegyres,1
dpcarrington,1
Antzkiwi,1
YorkGreens,1
BonesUK,1
AustraliaVote,1
ROSAZAMBONINI,1
LeSwiss,1
SandraEckersley,1
bisonsrfc,1
FredPawle,1
mothersriseup,1
sasj,1
ejcnet,1
eumayors,1
neBhasikoro,1
SadrachNirere,1
ConservationWA,1
ShahrarAli,1
LGSpace,1
Innocen85794076,1
DrSJFine,1
UndercoverFC,1
harboroughgreen,1
future_climate,1
19_birkbeck,1
UNSW,1
nettlejelly,1
CRSMOH,1
ShamsherSChauhn,1
CarolineLucas,1
bonnoway,1
RossWayne,1
ChloeFarand,1
meemsaf,1
pgarrett,1
PaulJBelcher,1
CultureDeclares,1
Tom_saunders,1
zosia_brown,1
McrClimateYB,1
zozotaps,1
TraynorBird,1
moose_malloy,1
s_colenbrander,1
OpenFundingNG,1
davidifm,1
ConorJShields,1
NoR3Coalition,1
rdunbar83,1
RwandaMedia,1
aurinkojellona,1
KendalAnimal,1
krishgm,1
Samsonprolific,1
StefanJutterdal,1
MaryFitzger,1
UNSWScience,1
AstheCrowTries,1
johnlittle,1
CainTess,1
zohramoosa,1
xtrand,1
P4F_Eastbourne,1
JanvandeVenis,1
StrataEnvUK,1
hayes_eilish,1
MapScaping,1
AnneleVirtanen,1
sciaf,1
SuffCoastGreens,1
Ktowntslafan,1
maggie3408,1
farmingforever,1
TagliapietraBxl,1
BartlettUCL,1
SheffieldGreens,1
Dr_Ellie,1
davidbent,1
Guli_FD,1
AliceRunning1,1
intpolicydigest,1
fossilheads,1
muratkaragoz10,1
camberto25,1
KimM_C,1
PositiveNewsUK,1
hannahks1,1
DavidW2035,1
PetraAu,1
KerryChipp,1
kitengland,1
saintlywriter,1
FoggyTrails,1
murtazasolangi,1
RealSheilaZ,1
LRoss65543,1
SansoucyPaul,1
thewire_in,1
muso1947,1
Edinburgh_CPB,1
ICCMR2019,1
PuneCliC,1
RaffiTheOwl,1
mather_julia,1
YouthOurPlanet,1
Jordonsteele,1
GatekeepersReef,1
SchmahlNaomi,1
SethDKlein,1
itsnathaliabish,1
GeanneVanArkel,1
EdVanDerWalt,1
NoSafeSpaceReq,1
artists4future,1
skepticscience,1
sherryrehman,1
girichaitanya19,1
olivia_eagan3,1
ZanettiCartoons,1
GlobalFoodTeam,1
OrigamiMarie,1
DianaUrge,1
snowycats,1
sunrisemvmtPHX,1
TeePee141,1
ADanishMan,1
MaddiMcManus,1
Patmeister,1
Maui_Speaks,1
time4thetalk,1
keithbaldrey,1
PeterBerry1075,1
TogetherParty1,1
letsgobois,1
Leigh252425,1
philipcocker,1
ITOSCHRIST,1
Tedthekelpie,1
erinhammond12,1
DanMKervick,1
Sandra_Sully,1
wwaterwatchers,1
annemariayritys,1
WorldBankWater,1
ECthetwit,1
Thorium_232,1
MuftiHamadFazal,1
wspopus,1
arvindpawan1,1
lenoretaylor,1
AdamBandt,1
showermandan,1
murpharoo,1
bethmachlan,1
OnWithLogic,1
c__laiire,1
debbie_claus,1
djspratt,1
IllgTheodore,1
TheBayAreaBuzz,1
iainmarlow,1
stephaniedowric,1
JKelly6000,1
CarmieHagerty,1
climategordon,1
GlytchMeister,1
GrizzlyGovFan,1
HowieHawkins,1
TaylorMooreK,1
alpineharris,1
E8Angels,1
observationpt,1
mstaindl,1
indigenousviet,1
rodneyholmes64,1
judithdschwartz,1
latingle,1
DanJCass,1
jashkenas,1
LetsFishSmarter,1
MooreCharitable,1
BruceBuckman,1
yumcoconutmilk,1
ZeroWasteAsia,1
Bh_Chandra,1
SUHSD,1
BruceBourgoine,1
ThomsonFiji,1
MattHighKick,1
AntoniaZ,1
leppanens_world,1
BeingFarhad,1
bigskyrad,1
gyneth007,1
350Perth,1
JulieColin,1
PeacefulATCK,1
livingcardsmtg,1
JimboStanford,1
lubdha_shah,1
DrHarish_Joshi,1
printtemps,1
uskzba,1
NESPNorthern,1
_PHAA_,1
hanoiXan,1
juoceano,1
marvicleonen,1
mirandadevine,1
CharlesRoy_,1
ericgarcetti,1
Brasilmagic,1
AuConservatives,1
PipelineAction,1
PSETalk,1
JoDodds6,1
el_macs,1
tbigggs,1
CascadiaCAN,1
MartinSeay,1
sarbjitkaur1,1
viequesdynamo,1